Name,Address,City,State,ZIP,Type,Latitude,Longitude
"BMO Buckeye Valley Branch","1160 S Watson Rd","Buckeye","AZ","85326","Branch","33.43601","-112.55679"
"BMO Tatum Ranch Branch","28215 N Tatum Blvd","Cave Creek","AZ","85331","Branch","33.7415","-111.97754"
"BMO East Carefree Highway Branch","4623 E Carefree Hwy","Cave Creek","AZ","85331","Branch","33.79871","-111.98097"
"BMO San Tan Branch","1490 S Arizona Ave","Chandler","AZ","85286","Branch","33.28458","-111.84204"
"BMO Chandler Branch","1990 W Chandler Blvd","Chandler","AZ","85224","Branch","33.30659","-111.87574"
"BMO Chandler Heights Road Branch","2955 E Chandler Heights Rd","Chandler","AZ","85249","Branch","33.23327","-111.79083"
"BMO Coolidge Branch","260 W Central Ave","Coolidge","AZ","85128","Branch","32.97798","-111.51928"
"BMO Eagar-Springerville Branch","387 N Main St","Eagar","AZ","85925","Branch","34.11785","-109.29088"
"BMO Williams Field Branch","1481 E Williams Field Rd","Gilbert","AZ","85295","Branch","33.3063","-111.75807"
"BMO Gilbert Branch","85 E Warner Rd","Gilbert","AZ","85296","Branch","33.33505","-111.78816"
"BMO Glendale-Arrowhead Branch","5504 W Bell Rd","Glendale","AZ","85308","Branch","33.63942","-112.17827"
"BMO Glendale Branch","5704 W Glenn Dr","Glendale","AZ","85301","Branch","33.53997","-112.18157"
"BMO Glencroft Branch","8611 N 67th Ave","Glendale","AZ","85302","Other limited-service","33.56227","-112.20113"
"BMO Globe Branch","101 S Broad St","Globe","AZ","85501","Branch","33.39587","-110.78699"
"BMO Southwest Valley Branch","2828 N Litchfield Rd","Goodyear","AZ","85395","Branch","33.47778","-112.35937"
"BMO Green Valley Branch","270 W Continental Rd","Green Valley","AZ","85622","Branch","31.85229","-110.99693"
"BMO Holbrook Branch","156 W Hopi Dr","Holbrook","AZ","86025","Branch","34.90186","-110.16"
"BMO Mayer Branch","13275 E Central Ave","Mayer","AZ","86333","Branch","34.39808","-112.23042"
"BMO Mesa Branch","1510 W Southern Ave","Mesa","AZ","85202","Branch","33.39328","-111.86444"
"BMO Greenfield Road Mesa Branch","1755 S Greenfield Rd","Mesa","AZ","85206","Branch","33.38239","-111.73857"
"BMO Red Mountain Branch","2740 N Power Rd","Mesa","AZ","85215","Branch","33.46528","-111.68437"
"BMO Mesa-Crimson Branch","9953 E Baseline Rd","Mesa","AZ","85209","Branch","33.37879","-111.61977"
"BMO Central Heights Branch","2070 E Highway 60","Miami","AZ","85539","Branch","33.41922","-110.81347"
"BMO Oro Valley Branch","10655 N Oracle Rd","Oro Valley","AZ","85737","Branch","32.40003","-110.95613"
"BMO Sun City Branch","1171 E Rancho Vistoso Blvd","Oro Valley","AZ","85755","Branch","32.46659","-110.95478"
"BMO Page Branch","480 N Navajo Dr","Page","AZ","86040","Branch","36.91703","-111.46245"
"BMO Peoria Office Branch","9035 W Union Hills Dr","Peoria","AZ","85382","Branch","33.65209","-112.2537"
"BMO Beatitudes Branch","1650 W Glendale Ave","Phoenix","AZ","85021","Other limited-service","33.54092","-112.09383"
"BMO Happy Valley Branch","1875 W Happy Valley Rd","Phoenix","AZ","85085","Branch","33.71241","-112.09944"
"BMO Deer Valley Branch","19828 N 27th Ave","Phoenix","AZ","85027","Branch","33.66647","-112.11768"
"BMO Bell & Black Canyon","2839 W Bell Rd","Phoenix","AZ","85053","Branch","33.63939","-112.12092"
"BMO Indian School Branch","3100 W Indian School Rd","Phoenix","AZ","85017","Branch","33.49501","-112.1257"
"BMO Paradise Valley Mall Branch","4574 E Cactus Rd","Phoenix","AZ","85032","Branch","33.60008","-111.98331"
"BMO Ahwatukee Branch","4835 E Warner Rd","Phoenix","AZ","85044","Branch","33.33072","-111.9796"
"BMO Phoenix Camelback Branch","51 East Camelback Road","Phoenix","AZ","85012","Branch","33.50898","-112.07159"
"BMO Scottsdale Airpark","7138 East Thunderbird Road","Phoenix","AZ","85254","Branch","33.61181","-111.92629"
"BMO Lower Buckeye Office","7510 W Lower Buckeye Rd","Phoenix","AZ","85043","Branch","33.42347","-112.22171"
"BMO Phoenix Sunnyslope","9050 N 19th Ave","Phoenix","AZ","85021","Branch","33.56902","-112.10011"
"BMO Prescott Branch","303 N Montezuma St","Prescott","AZ","86301","Branch","34.54554","-112.46976"
"BMO Prescott Valley Branch","7221 East Floretine Road","Prescott Valley","AZ","86314","Branch","34.6053","-112.31484"
"BMO Queen Creek Branch","21479 S Ellsworth Rd","Queen Creek","AZ","85142","Branch","33.25214","-111.63405"
"BMO Scottsdale Mountainside Branch","11624 E Shea Blvd","Scottsdale","AZ","85259","Branch","33.58277","-111.82916"
"BMO Kierland Wealth Mgmt Branch","14850 N Scottsdale Rd","Scottsdale","AZ","85254","Limited-service facility","33.62191","-111.92688"
"BMO Scottsdale Ridge Branch","21911 N Scottsdale Rd","Scottsdale","AZ","85255","Branch","33.68579","-111.92471"
"BMO Westland Plaza Branch","33703 N Scottsdale Rd","Scottsdale","AZ","85266","Branch","33.79024","-111.92574"
"BMO Scottsdale Ranch","9333 N 90th St","Scottsdale","AZ","85258","Branch","33.56951","-111.88693"
"BMO Sedona Branch","2010 W State Route 89a","Sedona","AZ","86336","Branch","34.86448","-111.79572"
"BMO Sun City Branch","13250 N Del Webb Blvd","Sun City","AZ","85351","Branch","33.60533","-112.29018"
"BMO Sun City West Branch","19428 N R H Johnson Blvd","Sun City West","AZ","85375","Branch","33.65994","-112.35607"
"BMO Superior Branch","351 W Main St","Superior","AZ","85173","Branch","33.29323","-111.09868"
"BMO Surprise West Branch","16890 W Bell Rd","Surprise","AZ","85374","Branch","33.63938","-112.42196"
"BMO Tempe Branch","2077 S Priest Dr","Tempe","AZ","85282","Branch","33.40661","-111.96035"
"BMO Tolleson Branch","9502 W Van Buren St","Tolleson","AZ","85353","Branch","33.45036","-112.26409"
"BMO Tucson","1200 N Wilmot Rd","Tucson","AZ","85712","Branch","32.2375","-110.85733"
"BMO Tucson Estates Branch","3041 S Kinney Rd","Tucson","AZ","85713","Branch","32.18695","-111.09207"
"BMO Tucson-Creekside Branch","3175 N Swan Rd","Tucson","AZ","85712","Branch","32.26465","-110.89298"
"BMO Toucson-Houghton Branch","35 N Houghton Rd","Tucson","AZ","85748","Branch","32.22125","-110.77326"
"BMO Marana Marketplace","3775 W Orange Grove Rd","Tucson","AZ","85741","Branch","32.32291","-111.04517"
"BMO Tuscon River Branch","4380 N Campbell Ave","Tucson","AZ","85718","Branch","32.286","-110.94324"
"BMO Saddlebrooke Branch","63701 E Saddlebrooke Blvd","Tucson","AZ","85739","Branch","32.53554","-110.88756"
"BMO Tucson - Main","7225 N Oracle Rd","Tucson","AZ","85704","Branch","32.3382","-110.9781"
"BMO Winslow Branch","300 N Williamson Ave","Winslow","AZ","86047","Branch","35.02386","-110.6964"
"BMO Alhambra Branch","2 S Garfield Ave","Alhambra","CA","91801","Branch","34.09475","-118.12617"
"BMO Ninth And Valley Branch","855 W Valley Blvd","Alhambra","CA","91803","Branch","34.07807","-118.13275"
"BMO Anaheim Hills Branch","4501 E La Palma Ave","Anaheim","CA","92807","Branch","33.85997","-117.81784"
"BMO Anaheim Branch","619 S Brookhurst St","Anaheim","CA","92804","Branch","33.82426","-117.95939"
"BMO Antioch Branch","2507 Somersville Rd","Antioch","CA","94509","Branch","38.00137","-121.8395"
"BMO Arcadia Branch","1045 W Huntington Dr","Arcadia","CA","91007","Branch","34.13142","-118.06491"
"BMO Auburn Branch","13422 Lincoln Way","Auburn","CA","95603","Branch","38.92444","-121.05587"
"BMO Bakersfield Branch","5201 California Ave","Bakersfield","CA","93309","Branch","35.35921","-119.05979"
"BMO Baldwin Park Branch","14220 Ramona Blvd","Baldwin Park","CA","91706","Branch","34.08546","-117.96363"
"BMO Benicia Branch","1001 1st St","Benicia","CA","94510","Branch","38.05242","-122.15688"
"BMO Berkeley Branch","1480 Shattuck Ave","Berkeley","CA","94709","Branch","37.88039","-122.2696"
"BMO U.C. Berkeley Branch","2495 Bancroft Way","Berkeley","CA","94720","Branch","37.86877","-122.25935"
"BMO Beverly Hills Branch","9401 Wilshire Blvd","Beverly Hills","CA","90212","Branch","34.0675","-118.39828"
"BMO Brea Branch","391 S State College Blvd","Brea","CA","92821","Branch","33.91104","-117.88947"
"BMO Brentwood Branch","4540 Balfour Rd","Brentwood","CA","94513","Branch","37.92522","-121.69472"
"BMO Burbank Branch","100 S San Fernando Blvd","Burbank","CA","91502","Branch","34.18092","-118.30824"
"BMO Toluca Lake Branch","3808 W Riverside Dr","Burbank","CA","91505","Branch","34.15228","-118.3411"
"BMO Burlingame Branch","149 Park Rd","Burlingame","CA","94010","Branch","37.5769","-122.34573"
"BMO Calistoga Branch","1317 Lincoln Ave","Calistoga","CA","94515","Branch","38.57777","-122.57966"
"BMO Campbell Branch","2395 Winchester Blvd","Campbell","CA","95008","Branch","37.27942","-121.95086"
"BMO Capitola Branch","3820 Capitola Rd","Capitola","CA","95010","Branch","36.97351","-121.96714"
"BMO Carmichael Branch","4001 Manzanita Ave","Carmichael","CA","95608","Branch","38.63777","-121.3284"
"BMO Castro Valley Branch","3396 Castro Valley Blvd","Castro Valley","CA","94546","Branch","37.69587","-122.07633"
"BMO Ceres Branch","2501 E Whitmore Ave","Ceres","CA","95307","Branch","37.59518","-120.94973"
"BMO Cerritos Branch","17303 Carmenita Rd","Cerritos","CA","90703","Branch","33.87435","-118.047"
"BMO Chatsworth Branch","20516 Devonshire St","Chatsworth","CA","91311","Branch","34.25673","-118.58029"
"BMO Chico Branch","1540 Esplanade","Chico","CA","95926","Branch","39.7431","-121.84896"
"BMO Chino Branch","12545 Central Ave","Chino","CA","91710","Branch","34.02563","-117.68902"
"BMO Chino Wealth Management Branch Office","5370 Jefferson Ave","Chino","CA","91710","Limited-service facility","34.02498","-117.68812"
"BMO Citrus Heights Branch","7381 Greenback Ln","Citrus Heights","CA","95621","Branch","38.67863","-121.29286"
"BMO Crossroads","13300 Crossroads Pkwy N","City Of Industry","CA","91746","Branch","34.03013","-118.01011"
"BMO Clearlake Branch","15050 Olympic Dr","Clearlake","CA","95422","Branch","38.9622","-122.63016"
"BMO Clovis Branch","200 Shaw Ave","Clovis","CA","93612","Branch","36.80807","-119.70637"
"BMO Compton Branch","1701 N Long Beach Blvd","Compton","CA","90221","Branch","33.90724","-118.20905"
"BMO Concord Branch","1969 Diamond Blvd","Concord","CA","94520","Branch","37.97024","-122.05498"
"BMO Corcoran Branch","1045 Whitley Ave","Corcoran","CA","93212","Branch","36.09777","-119.56078"
"BMO Covina Branch","770 S Citrus Ave","Covina","CA","91723","Branch","34.07573","-117.88979"
"BMO Culver City Branch","8770 Washington Blvd Ste B","Culver City","CA","90232","Branch","34.02813","-118.38554"
"BMO Cupertino Branch","11111 N Wolfe Rd","Cupertino","CA","95014","Branch","37.33732","-122.0148"
"BMO Westlake Branch","239 Westlake Ctr","Daly City","CA","94015","Branch","37.70107","-122.48315"
"BMO Serramonte Branch","321 Gellert Blvd","Daly City","CA","94015","Branch","37.66746","-122.46856"
"BMO Danville Branch","307 Diablo Rd","Danville","CA","94526","Branch","37.82274","-121.99774"
"BMO Dinuba Branch","345 E Tulare St","Dinuba","CA","93618","Branch","36.54322","-119.38772"
"BMO Downey Branch","10230 Paramount Blvd","Downey","CA","90241","Branch","33.95275","-118.13056"
"BMO Dublin Branch","7533 Dublin Blvd","Dublin","CA","94568","Branch","37.70481","-121.92863"
"BMO El Cajon Branch","1234 E Main St","El Cajon","CA","92021","Branch","32.79534","-116.93953"
"BMO El Cerrito Branch","11100 San Pablo Ave","El Cerrito","CA","94530","Branch","37.91874","-122.31286"
"BMO Elk Grove (The Ridge) - Elk Grove Blvd Branch","7500 Elk Grove Blvd","Elk Grove","CA","95757","Branch","38.40861","-121.41603"
"BMO Elk Grove Branch","8426 Elk Grove Florin Rd","Elk Grove","CA","95624","Branch","38.45152","-121.37222"
"BMO Emeryville Branch","5755 Christie Ave","Emeryville","CA","94608","Branch","37.83581","-122.29453"
"BMO Encino Branch","16027 Ventura Blvd","Encino","CA","91436","Branch","34.15668","-118.48252"
"BMO Escalon Branch","1633 1st St","Escalon","CA","95320","Branch","37.7953","-120.9942"
"BMO Fairfield Branch","1300 Oliver Rd","Fairfield","CA","94534","Branch","38.25603","-122.06704"
"BMO Folsom Branch","1000 E Bidwell St","Folsom","CA","95630","Branch","38.67029","-121.15643"
"BMO Forestville Branch","6661 Front St","Forestville","CA","95436","Branch","38.47383","-122.89259"
"BMO Fremont Warm Springs Branch","46691 Mission Blvd","Fremont","CA","94539","Branch","37.4899","-121.92875"
"BMO Fremont Branch","5120 Mowry Ave","Fremont","CA","94538","Branch","37.53431","-121.99947"
"BMO Shaw-West Branch","2110 W Shaw Ave","Fresno","CA","93711","Branch","36.80869","-119.82888"
"BMO Fresno Agribusiness Banking Center Branch","6873 N West Ave","Fresno","CA","93711","Limited-service facility","36.83675","-119.82916"
"BMO 1st And Herndon Branch","7062 N 1st St","Fresno","CA","93720","Branch","36.83851","-119.77178"
"BMO Fullerton Branch","3021 Yorba Linda Blvd","Fullerton","CA","92831","Branch","33.88946","-117.87363"
"BMO Garden Grove Branch","12976 Main St","Garden Grove","CA","92840","Branch","33.77432","-117.94065"
"BMO Gardena Branch","1800 W Redondo Beach Blvd","Gardena","CA","90247","Branch","33.88813","-118.30952"
"BMO Gilroy Branch","7865 Monterey St","Gilroy","CA","95020","Branch","37.01408","-121.57243"
"BMO Glendale Branch","400 N Glendale Ave","Glendale","CA","91206","Branch","34.15197","-118.24427"
"BMO Grass Valley Branch","460 Brunswick Rd","Grass Valley","CA","95945","Branch","39.2346","-121.03036"
"BMO Gridley Branch","34 E Gridley Rd","Gridley","CA","95948","Branch","39.36302","-121.68641"
"BMO Hanford Branch","230 W 7th St","Hanford","CA","93230","Branch","36.32637","-119.64864"
"BMO Hayward Branch","1058 B St","Hayward","CA","94541","Branch","37.67373","-122.08201"
"BMO Hayward Southland Branch","24299 Southland Dr","Hayward","CA","94545","Branch","37.6532","-122.10518"
"BMO Healdsburg Branch","450 Center St","Healdsburg","CA","95448","Branch","38.61401","-122.87008"
"BMO Hughson Branch","6800 Hughson Ave","Hughson","CA","95326","Branch","37.59654","-120.86745"
"BMO South Huntington Beach Branch","19006 Brookhurst St","Huntington Beach","CA","92646","Branch","33.68624","-117.95359"
"BMO Huntington Beach Branch","6881 Warner Ave","Huntington Beach","CA","92647","Branch","33.71595","-118.00882"
"BMO Indian Wells Branch","74989 Us Highway 111","Indian Wells","CA","92210","Branch","33.72032","-116.35777"
"BMO Central Irvine Branch","14477 Culver Dr","Irvine","CA","92604","Branch","33.70566","-117.78746"
"BMO Irvine Branch","18022 Culver Dr","Irvine","CA","92612","Branch","33.66491","-117.82655"
"BMO Kings Beach Branch","200 Bear Street","Kings Beach","CA","96143","Branch","39.23713","-120.02461"
"BMO La Habra Branch","1330 S Beach Blvd","La Habra","CA","90631","Branch","33.91651","-117.96779"
"BMO La Jolla Branch","4180 La Jolla Village Dr","La Jolla","CA","92037","Branch","32.87249","-117.21675"
"BMO La Mirada Branch","12709 Valley View Ave","La Mirada","CA","90638","Branch","33.91609","-118.02944"
"BMO Lafayette Branch","3583 Mt Diablo Blvd","Lafayette","CA","94549","Branch","37.89129","-122.12214"
"BMO Lakewood Branch","5240 Clark Ave","Lakewood","CA","90712","Branch","33.85331","-118.13345"
"BMO Larkspur Branch","494 Magnolia Ave","Larkspur","CA","94939","Branch","37.93594","-122.535"
"BMO Livermore Branch","2484 2nd St","Livermore","CA","94550","Branch","37.68302","-121.76602"
"BMO Lockeford Branch","13299 E Highway 88","Lockeford","CA","95237","Branch","38.16211","-121.15238"
"BMO Lodi Branch","229 S Church St","Lodi","CA","95240","Branch","38.1307","-121.27574"
"BMO Long Beach City Place Branch","496 Long Beach Blvd","Long Beach","CA","90802","Branch","33.7722","-118.18912"
"BMO Los Altos Branch","176 Main St","Los Altos","CA","94022","Branch","37.37913","-122.11571"
"BMO Little Tokyo (Cb) Branch","123 Astronaut E S Onizuka St","Los Angeles","CA","90012","Branch","34.05011","-118.24227"
"BMO L.A. Bunker Hill Branch","300 S Grand Ave","Los Angeles","CA","90071","Branch","34.0523","-118.25137"
"BMO Los Angeles-6200 W Sunset Blvd Branch","6200 W Sunset Blvd","Los Angeles","CA","90028","Branch","34.0978","-118.32423"
"BMO Los Angeles - 8492 South Vermont Avenue Branch","8492 S Vermont Ave","Los Angeles","CA","90044","Branch","33.96148","-118.29105"
"BMO L.A. Main Branch","915 Wilshire Blvd","Los Angeles","CA","90017","Branch","34.05106","-118.26003"
"BMO Los Gatos Branch","308 N Santa Cruz Ave","Los Gatos","CA","95030","Branch","37.22729","-121.98119"
"BMO Manhattan Beach Branch","2612 North Sepulveda Boulevard","Manhattan Beach","CA","90266","Branch","33.89503","-118.39587"
"BMO Manteca Branch","150 Commerce Ave","Manteca","CA","95336","Branch","37.79649","-121.19349"
"BMO Menlo Park Branch","701 Santa Cruz Ave","Menlo Park","CA","94025","Branch","37.45196","-122.18391"
"BMO Milpitas Branch","1360 E Calaveras Blvd","Milpitas","CA","95035","Branch","37.43565","-121.88223"
"BMO Mission Viejo Branch","26941 Crown Valley Pkwy","Mission Viejo","CA","92691","Branch","33.56311","-117.66837"
"BMO Eastridge Branch","1401 Oakdale Rd","Modesto","CA","95355","Branch","37.66402","-120.95821"
"BMO Modesto Mchenry Branch","3600 Mchenry Ave","Modesto","CA","95356","Branch","37.6917","-120.99391"
"BMO Pelandale Branch","3801 Pelandale Ave","Modesto","CA","95356","Branch","37.70063","-121.06635"
"BMO Modesto Main Branch","901 H St","Modesto","CA","95354","Branch","37.63836","-120.9991"
"BMO Monterey - Del Monte Branch","1050 Del Monte Ctr","Monterey","CA","93940","Branch","36.58455","-121.90041"
"BMO Monterey Park Branch","331 N Atlantic Blvd","Monterey Park","CA","91754","Branch","34.06577","-118.1346"
"BMO Morgan Hill Branch","206 Tennant Sta","Morgan Hill","CA","95037","Branch","37.11229","-121.64062"
"BMO Mountain View Branch","501 Castro St","Mountain View","CA","94041","Branch","37.38974","-122.0811"
"BMO Napa Branch","3300 Jefferson St","Napa","CA","94558","Branch","38.32217","-122.2993"
"BMO Napa Main Street Branch","700 Main St","Napa","CA","94559","Administrative office","38.29748","-122.28377"
"BMO Newark Branch","35125 Newark Blvd","Newark","CA","94560","Branch","37.54957","-122.04833"
"BMO Newman Branch","945 Fresno St","Newman","CA","95360","Branch","37.31487","-121.0222"
"BMO Newport Beach Branch","4400 Macarthur Blvd","Newport Beach","CA","92660","Branch","33.66573","-117.86311"
"BMO Northridge - Balboa Blvd Branch","9000 Balboa Blvd","Northridge","CA","91325","Branch","34.23476","-118.50136"
"BMO Novato Branch","1313 Grant Ave","Novato","CA","94945","Branch","38.1081","-122.57411"
"BMO Oakdale Branch","134 S Maag Ave","Oakdale","CA","95361","Branch","37.77141","-120.83096"
"BMO Oakland Main Branch","2001 Broadway","Oakland","CA","94612","Branch","37.80941","-122.26843"
"BMO Montclair Branch","2023 Mountain Blvd","Oakland","CA","94611","Branch","37.82702","-122.20989"
"BMO Fruitvale Station Branch","3062 E 9th St","Oakland","CA","94601","Branch","37.77386","-122.22903"
"BMO Lakeshore Branch","3400 Lakeshore Ave","Oakland","CA","94610","Branch","37.81087","-122.24268"
"BMO Oakley Branch","2195 Main St","Oakley","CA","94561","Branch","38.00328","-121.73251"
"BMO Orinda Branch","21 Moraga Way","Orinda","CA","94563","Branch","37.87903","-122.18158"
"BMO Orosi Branch","12790 Avenue 416","Orosi","CA","93647","Branch","36.54495","-119.28711"
"BMO Oroville Branch","2626 Oro Dam Blvd E","Oroville","CA","95966","Branch","39.50662","-121.54619"
"BMO Oxnard Branch","371 W Esplanade Dr","Oxnard","CA","93036","Branch","34.23462","-119.17906"
"BMO Palo Alto Branch","2600 El Camino Real","Palo Alto","CA","94306","Branch","37.4239","-122.14452"
"BMO Parlier Branch","510 J St","Parlier","CA","93648","Branch","36.61047","-119.52574"
"BMO Pasadena East Branch","1739 E Colorado Blvd","Pasadena","CA","91106","Branch","34.14644","-118.11477"
"BMO Pasadena Main Branch","300 E Colorado Blvd","Pasadena","CA","91101","Branch","34.1452","-118.14292"
"BMO Patterson Branch","5 Plaza","Patterson","CA","95363","Branch","37.47223","-121.13034"
"BMO Petaluma Main Branch","401 Kenilworth Dr","Petaluma","CA","94952","Branch","38.24527","-122.62667"
"BMO Pico Rivera Branch","9075 Whittier Blvd","Pico Rivera","CA","90660","Branch","34.00118","-118.08274"
"BMO Pinole Branch","777 Tennent Ave","Pinole","CA","94564","Branch","38.00513","-122.29032"
"BMO Pittsburg Branch","2900 Railroad Ave","Pittsburg","CA","94565","Branch","38.0092","-121.89256"
"BMO Pleasanton Branch","5452 Sunol Blvd","Pleasanton","CA","94566","Branch","37.65129","-121.87988"
"BMO Rancho Cucamonga Branch","8311 Haven Ave","Rancho Cucamonga","CA","91730","Branch","34.10248","-117.57529"
"BMO Redwood City Branch","900 Veterans Blvd","Redwood City","CA","94063","Branch","37.48973","-122.2278"
"BMO Ripon Branch","411 W Main St","Ripon","CA","95366","Branch","37.73963","-121.12747"
"BMO Riverdale Branch","3494 Mt. Whitney Avenue","Riverdale","CA","93656","Branch","36.4309","-119.86082"
"BMO Rohnert Park Branch","6301 State Farm Dr","Rohnert Park","CA","94928","Branch","38.34805","-122.70658"
"BMO Rosemead Branch","9000 Valley Blvd","Rosemead","CA","91770","Branch","34.08041","-118.07244"
"BMO Roseville Branch","1112 Galleria Blvd","Roseville","CA","95678","Branch","38.76777","-121.26272"
"BMO Rowland Heights Branch","19005 Colima Rd","Rowland Heights","CA","91748","Branch","33.98776","-117.88902"
"BMO Sacramento Arden Branch","1651 Response Rd","Sacramento","CA","95815","Branch","38.59693","-121.42802"
"BMO Loehmann's Plaza Branch","2581 Fair Oaks Blvd","Sacramento","CA","95825","Branch","38.57457","-121.40187"
"BMO Country Club Branch","3509 El Camino Ave","Sacramento","CA","95821","Branch","38.61082","-121.38194"
"BMO Sacramento Main Branch","500 Capitol Mall","Sacramento","CA","95814","Branch","38.57806","-121.50142"
"BMO San Clemente  Branch","641 Camino De Los Mares","San Clemente","CA","92673","Branch","33.45908","-117.65048"
"BMO San Diego Main Branch","701 B St","San Diego","CA","92101","Branch","32.71758","-117.15784"
"BMO San Dimas","614 N Lone Hill Ave","San Dimas","CA","91773","Branch","34.11314","-117.82844"
"BMO Castro District Branch","2299 Market St","San Francisco","CA","94114","Branch","37.76405","-122.43276"
"BMO Lakeside Branch","2606 Ocean Ave","San Francisco","CA","94132","Branch","37.73194","-122.47323"
"BMO Portola Branch","2675 San Bruno Ave","San Francisco","CA","94134","Branch","37.72808","-122.40352"
"BMO S.F. Mission Branch","2812 Mission St","San Francisco","CA","94110","Branch","37.75175","-122.41866"
"BMO San Francisco - 295 Bush St Branch","295 Bush St","San Francisco","CA","94104","Branch","37.79076","-122.40204"
"BMO San Francisco Transbay Branch","301 Mission St","San Francisco","CA","94105","Branch","37.79057","-122.39598"
"BMO North Beach Branch","480 Columbus Ave","San Francisco","CA","94133","Branch","37.79941","-122.40862"
"BMO Montgomery Street Branch","505 Montgomery St","San Francisco","CA","94111","Branch","37.79412","-122.40323"
"BMO Clement Street Branch","801 Clement St","San Francisco","CA","94118","Branch","37.78258","-122.46785"
"BMO Cambrian Branch","14948 Camden Ave","San Jose","CA","95124","Branch","37.26004","-121.93006"
"BMO Sun Garden Branch","1566 Monterey Hwy","San Jose","CA","95110","Branch","37.31417","-121.87077"
"BMO Hamilton-Meridian Branch","1590 Hamilton Ave","San Jose","CA","95125","Branch","37.29332","-121.91311"
"BMO Stevens Creek Branch","2910 Stevens Creek Blvd","San Jose","CA","95128","Branch","37.32307","-121.94615"
"BMO Mckee-White Branch","3081 Mckee Rd","San Jose","CA","95127","Branch","37.3753","-121.83712"
"BMO Santa Teresa-Cottle Branch","6213 Santa Teresa Blvd","San Jose","CA","95119","Branch","37.23662","-121.80297"
"BMO San Jose Main Branch","77 N Almaden Ave","San Jose","CA","95110","Branch","37.33581","-121.89542"
"BMO Civic Center Branch","890 N 1st St","San Jose","CA","95112","Branch","37.35318","-121.9029"
"BMO Oakridge Branch","908 Blossom Hill Rd","San Jose","CA","95123","Branch","37.24993","-121.86212"
"BMO Bollinger Road Branch","965 S De Anza Blvd","San Jose","CA","95129","Branch","37.31191","-122.03269"
"BMO Washington Manor Branch","15075 Farnsworth St","San Leandro","CA","94579","Branch","37.6905","-122.15198"
"BMO San Leandro Branch","1601 Washington Ave","San Leandro","CA","94577","Branch","37.72176","-122.15462"
"BMO San Lorenzo Branch","17833 Hesperian Blvd","San Lorenzo","CA","94580","Branch","37.67304","-122.12312"
"BMO San Marino Branch","2395 Huntington Dr","San Marino","CA","91108","Branch","34.12304","-118.10353"
"BMO San Mateo Branch","195 E 4th Ave","San Mateo","CA","94401","Branch","37.56429","-122.32271"
"BMO San Ramon Branch","140 Sunset Dr","San Ramon","CA","94583","Branch","37.76243","-121.96093"
"BMO Sanger Branch","1321 Jensen Ave","Sanger","CA","93657","Branch","36.70744","-119.55722"
"BMO Santa Ana  Branch","103 E Memory Ln","Santa Ana","CA","92705","Branch","33.77293","-117.86616"
"BMO South Coast Branch","3931 S Bristol St","Santa Ana","CA","92704","Branch","33.69469","-117.88501"
"BMO Santa Barbara North Branch","3780 State St","Santa Barbara","CA","93105","Branch","34.44091","-119.74576"
"BMO Santa Clara Branch","1705 El Camino Real","Santa Clara","CA","95050","Branch","37.3529","-121.95622"
"BMO Santa Cruz Branch","1551 Pacific Ave","Santa Cruz","CA","95060","Branch","36.97664","-122.02726"
"BMO Santa Fe Springs Branch","11955 Slauson Ave","Santa Fe Springs","CA","90670","Branch","33.96461","-118.06158"
"BMO Santa Monica Branch","1733 Ocean Ave","Santa Monica","CA","90401","Branch","34.00924","-118.49173"
"BMO Coddingtown Branch","260 Coddingtown Ctr","Santa Rosa","CA","95401","Branch","38.45923","-122.73146"
"BMO Santa Rosa Branch","2801 4th St","Santa Rosa","CA","95405","Branch","38.44987","-122.68849"
"BMO Saratoga Branch","18860 Cox Ave","Saratoga","CA","95070","Branch","37.2802","-122.00065"
"BMO Sebastopol Branch","100 S Main St","Sebastopol","CA","95472","Branch","38.40186","-122.82431"
"BMO Sherman Oaks Branch","15165 Ventura Blvd","Sherman Oaks","CA","91403","Branch","34.15371","-118.4636"
"BMO Sierra Madre Branch","100 W Sierra Madre Blvd","Sierra Madre","CA","91024","Branch","34.16162","-118.05487"
"BMO Sonoma Branch","201 W Napa St","Sonoma","CA","95476","Branch","38.29092","-122.46266"
"BMO South Gate Branch","12135 Garfield Ave","South Gate","CA","90280","Branch","33.9159","-118.1693"
"BMO South Gate - 4703 Firestone Boulevard Branch","4703 Firestone Blvd","South Gate","CA","90280","Branch","33.9526","-118.18617"
"BMO South Tahoe Branch","2161 Lake Tahoe Blvd","South Lake Tahoe","CA","96150","Branch","38.91692","-119.9997"
"BMO South Pasadena Branch","1833 Atlantic Blvd","South Pasadena","CA","91030","Branch","34.10454","-118.13519"
"BMO South San Francisco Branch","2288 Westborough Blvd","South San Francisco","CA","94080","Branch","37.64478","-122.45308"
"BMO Casa De Oro Branch","9832 Campo Rd","Spring Valley","CA","91977","Branch","32.74833","-116.98406"
"BMO St. Helena Branch","1451 Main St","St. Helena","CA","94574","Branch","38.50557","-122.47131"
"BMO Stanton Branch","11051 Beach Blvd","Stanton","CA","90680","Branch","33.80197","-117.99357"
"BMO Hammer Branch","1440 E Hammer Ln","Stockton","CA","95210","Branch","38.02029","-121.29528"
"BMO Brookside Branch","3255 W March Ln","Stockton","CA","95219","Branch","37.9843","-121.35466"
"BMO Stockton Main Branch","540 N El Dorado St","Stockton","CA","95202","Branch","37.95853","-121.29107"
"BMO Pershing Branch","5555 N Pershing Ave","Stockton","CA","95207","Branch","37.99759","-121.32568"
"BMO Wilson Way","560 N Wilson Way","Stockton","CA","95205","Branch","37.96187","-121.27197"
"BMO Sunnyvale Branch","380 S Mathilda Ave","Sunnyvale","CA","94086","Branch","37.37393","-122.03501"
"BMO Tasman Branch","615 Tasman Dr","Sunnyvale","CA","94089","Branch","37.40378","-122.00925"
"BMO Tahoe City Branch","150 W Lake Blvd","Tahoe City","CA","96145","Branch","39.16571","-120.14355"
"BMO Tehachapi Branch","758 Tucker Rd","Tehachapi","CA","93561","Branch","35.12603","-118.46708"
"BMO Thousand Oaks Branch","180 N Moorpark Rd","Thousand Oaks","CA","91360","Branch","34.18146","-118.87441"
"BMO South Bay (Cb) Branch","19191 S Vermont Ave","Torrance","CA","90502","Branch","33.85644","-118.29137"
"BMO Torrance Branch","23330 Hawthorne Blvd","Torrance","CA","90505","Branch","33.81342","-118.35041"
"BMO Tracy Branch","810 W Schulte Rd","Tracy","CA","95376","Branch","37.72501","-121.43658"
"BMO Truckee Branch","11202 Donner Pass Rd","Truckee","CA","96161","Branch","39.32643","-120.20442"
"BMO Tulare Branch","333 E Tulare Ave","Tulare","CA","93274","Branch","36.20812","-119.34394"
"BMO Turlock Branch","2101 Fulkerth Rd","Turlock","CA","95380","Branch","37.5076","-120.87216"
"BMO Tustin Branch","701 E 1st St","Tustin","CA","92780","Branch","33.74603","-117.81459"
"BMO Union City Branch","33301 Alvarado Niles Rd","Union City","CA","94587","Branch","37.59212","-122.03961"
"BMO Vacaville Branch","330 Davis St","Vacaville","CA","95688","Branch","38.35512","-121.98674"
"BMO Valencia Branch","27011 Mcbean Pkwy","Valencia","CA","91355","Branch","34.42077","-118.56431"
"BMO Vallejo Branch","4300 Sonoma Blvd","Vallejo","CA","94589","Branch","38.13244","-122.25584"
"BMO Visalia Branch","2301 S Mooney Blvd","Visalia","CA","93277","Branch","36.30905","-119.31427"
"BMO Walnut Creek Branch","1530 N California Blvd","Walnut Creek","CA","94596","Branch","37.89984","-122.06316"
"BMO Waterford Branch","12710 Bentley St","Waterford","CA","95386","Branch","37.64129","-120.75996"
"BMO West Covina Branch","401 S Glendora Ave","West Covina","CA","91790","Branch","34.06802","-117.92519"
"BMO Westminster Branch","7751 Westminster Blvd","Westminster","CA","92683","Branch","33.75952","-117.9939"
"BMO Woodland Branch","186 Main St","Woodland","CA","95695","Branch","38.67712","-121.77976"
"BMO Woodland Hills Branch","19858 Ventura Blvd","Woodland Hills","CA","91364","Branch","34.17206","-118.56562"
"BMO Arvada - West","12880 W 64th Ave","Arvada","CO","80004","Branch","39.8123","-105.14223"
"BMO Arvada - Carr","5805 Carr St","Arvada","CO","80004","Branch","39.80237","-105.09122"
"BMO Aurora Branch","10401 E Colfax Ave","Aurora","CO","80010","Branch","39.74059","-104.8668"
"BMO Heather Gardens Branch","13781 E Yale Ave","Aurora","CO","80014","Branch","39.66801","-104.82891"
"BMO Havana Gardens","1389 S Havana St","Aurora","CO","80012","Branch","39.69146","-104.86643"
"BMO Aurora Town Center","700 S Abilene St","Aurora","CO","80012","Branch","39.70349","-104.82753"
"BMO Berthoud Branch","415 Mountain Ave","Berthoud","CO","80513","Branch","40.30514","-105.08017"
"BMO Boulder-Arapahoe Branch","3800 Arapahoe Ave","Boulder","CO","80303","Branch","40.0142","-105.24622"
"BMO Breckenridge Branch","106 N French St","Breckenridge","CO","80424","Branch","39.48279","-106.04377"
"BMO Brighton Branch","1795 E Bridge St","Brighton","CO","80601","Branch","39.98724","-104.80102"
"BMO Broomfield Branch","1000 E 1st Ave","Broomfield","CO","80020","Branch","39.91474","-105.06168"
"BMO Burlington Branch","502 14th St","Burlington","CO","80807","Branch","39.30597","-102.2677"
"BMO Smoky Hill Branch","16778 E Smoky Hill Rd","Centennial","CO","80015","Branch","39.62595","-104.79207"
"BMO Southglenn","2200 E Arapahoe Rd","Centennial","CO","80122","Branch","39.5948","-104.9633"
"BMO Park Meadows Branch","9335 E County Line Rd","Centennial","CO","80112","Branch","39.5665","-104.88061"
"BMO Grand Junction Clifton Branch","3201 F Rd","Clifton","CO","81520","Branch","39.0915","-108.45917"
"BMO Commerce City Branch","7326 Magnolia St","Commerce City","CO","80022","Branch","39.82983","-104.91026"
"BMO Conifer Branch","25657 Conifer Rd","Conifer","CO","80433","Branch","39.54333","-105.29343"
"BMO Crested Butte Branch","405 6th Street","Crested Butte","CO","81224","Branch","38.86947","-106.98132"
"BMO Delta Branch","402 Main St","Delta","CO","81416","Branch","38.7416","-108.07074"
"BMO Denver North Branch","1965 W 38th Ave","Denver","CO","80211","Branch","39.76946","-105.01094"
"BMO Cherry Creek","2 Steele St","Denver","CO","80206","Branch","39.71655","-104.9495"
"BMO Denver South Branch","2050 S Downing St","Denver","CO","80210","Branch","39.67922","-104.97312"
"BMO University Hills Branch","2720 S Colorado Blvd","Denver","CO","80222","Branch","39.66751","-104.93977"
"BMO Central Park Branch","2970 Quebec St","Denver","CO","80207","Branch","39.75913","-104.90269"
"BMO Bear Valley","3102 S Sheridan Blvd","Denver","CO","80227","Branch","39.65586","-105.05285"
"BMO Denver-Downtown","621 17th St","Denver","CO","80293","Branch","39.746","-104.98994"
"BMO Tamarac Square","7995 E Hampden Ave","Denver","CO","80231","Branch","39.65356","-104.89935"
"BMO Elizabeth Branch","770 E Kiowa Ave","Elizabeth","CO","80107","Branch","39.36108","-104.5913"
"BMO Englewood - Broadway","4301 S Broadway","Englewood","CO","80113","Branch","39.63831","-104.98818"
"BMO Greenwood Village","6050 S Holly St","Englewood","CO","80111","Branch","39.60738","-104.92228"
"BMO Arapahoe Plaza","7310 E Arapahoe Rd","Englewood","CO","80112","Branch","39.5943","-104.90359"
"BMO Evergreen Branch","3779 Evergreen Pkwy","Evergreen","CO","80439","Branch","39.64778","-105.34133"
"BMO Evergreen North","953 Swede Gulch Rd","Evergreen","CO","80439","Branch","39.69946","-105.32806"
"BMO Fort Collins - Horsetooth Branch","1075 W Horsetooth Rd","Fort Collins","CO","80526","Branch","40.53776","-105.09569"
"BMO Fort Morgan Branch","120 E Kiowa Ave","Fort Morgan","CO","80701","Branch","40.24963","-103.80061"
"BMO Fraser Branch","701 S Zerex St","Fraser","CO","80442","Branch","39.94138","-105.80803"
"BMO Frisco Branch","1000 N Summit Blvd","Frisco","CO","80443","Branch","39.58906","-106.09592"
"BMO Fruita Branch","141 N Park Sq","Fruita","CO","81521","Branch","39.1595","-108.73335"
"BMO Golden Branch","701 13th St","Golden","CO","80401","Branch","39.75486","-105.21946"
"BMO Grand Junction Branch","1211 N 7th St","Grand Junction","CO","81501","Branch","39.07859","-108.56135"
"BMO Greeley-10th Branch","4290 W 10th St","Greeley","CO","80634","Branch","40.42148","-104.74749"
"BMO Gunnison Branch","201 N Main St","Gunnison","CO","81230","Branch","38.54579","-106.92722"
"BMO Highlands Ranch West Branch","9285 S Broadway","Highlands Ranch","CO","80129","Branch","39.54731","-104.99253"
"BMO Holyoke Branch","125 S Baxter Ave","Holyoke","CO","80734","Branch","40.58482","-102.30333"
"BMO Kremmling Branch","108 S 2nd St","Kremmling","CO","80459","Branch","40.05835","-106.39385"
"BMO Westland","10425 W Colfax Ave","Lakewood","CO","80215","Branch","39.741","-105.11673"
"BMO Lakewood Wadsworth","215 S Wadsworth Blvd","Lakewood","CO","80226","Branch","39.71233","-105.08197"
"BMO Columbine Branch","6775 W Ken Caryl Ave","Littleton","CO","80128","Branch","39.5811","-105.07245"
"BMO Jefferson Market Place Branch","8184 S Kipling Pkwy","Littleton","CO","80127","Branch","39.5676","-105.10938"
"BMO Southwest Plaza","9111 W Bowles Ave","Littleton","CO","80123","Branch","39.61018","-105.09924"
"BMO Lone Tree Branch","9630 Heritage Hills Cir","Lone Tree","CO","80124","Branch","39.5369","-104.87786"
"BMO Longmont - Hover Branch","1610 Hover St","Longmont","CO","80501","Branch","40.18668","-105.13042"
"BMO Longmont","700 5th Ave","Longmont","CO","80501","Branch","40.16765","-105.1043"
"BMO Louisville North","865 S Boulder Rd","Louisville","CO","80027","Branch","39.98705","-105.13347"
"BMO Loveland","303 E 6th St","Loveland","CO","80537","Branch","40.3978","-105.07295"
"BMO Lyons Branch","303 Main St","Lyons","CO","80540","Branch","40.22434","-105.26825"
"BMO Montrose","1105 S Townsend Ave","Montrose","CO","81401","Branch","38.47014","-107.86757"
"BMO Niwot Branch","97 2nd Avenue","Niwot","CO","80544","Branch","40.10356","-105.17293"
"BMO Northglenn","10393 Huron St","Northglenn","CO","80260","Branch","39.88468","-104.99723"
"BMO Parker Flat Acres","11451 S 20 Mile Rd","Parker","CO","80134","Branch","39.51013","-104.76694"
"BMO Salida Branch","146 G St","Salida","CO","81201","Branch","38.53652","-105.9937"
"BMO Steamboat Springs Branch","555 Lincoln Ave","Steamboat Springs","CO","80487","Branch","40.48398","-106.83263"
"BMO Sterling Branch","130 N 3rd St","Sterling","CO","80751","Branch","40.62467","-103.20747"
"BMO Thornton Branch","12000 Washington St","Thornton","CO","80241","Branch","39.91473","-104.97698"
"BMO Thornton Plaza","12080 Colorado Blvd","Thornton","CO","80241","Branch","39.91643","-104.93981"
"BMO Trinidad Branch","213 N Commercial St","Trinidad","CO","81082","Branch","37.16922","-104.50637"
"BMO Westminster - Sheridan Branch","9150 Sheridan Blvd","Westminster","CO","80031","Branch","39.86309","-105.05268"
"BMO South Shore Branch","5461 N Us Highway 41","Apollo Beach","FL","33572","Branch","27.74701","-82.41458"
"BMO Bonita Beach Road Office","9000 Bonita Beach Rd Se","Bonita Springs","FL","34135","Branch","26.3311","-81.80347"
"BMO Lakewood Ranch Branch","11535 Palmbrush Trl","Bradenton","FL","34202","Branch","27.43149","-82.42575"
"BMO Cortez Branch","4502 Cortez Rd W","Bradenton","FL","34210","Branch","27.46312","-82.60762"
"BMO Palma Sola Square Branch","5503 Manatee Ave W","Bradenton","FL","34209","Branch","27.49558","-82.61654"
"BMO Brandon Branch","103 W Bloomingdale Ave","Brandon","FL","33511","Branch","27.89317","-82.28626"
"BMO Ellenton Branch","4115 Us Highway 301 N","Ellenton","FL","34222","Branch","27.52136","-82.52208"
"BMO Marco Island Office Branch","800 N Collier Blvd","Marco Island","FL","34145","Branch","25.95381","-81.72834"
"BMO Naples Trail Branch","2375 Tamiami Trl N","Naples","FL","34103","Branch","26.17697","-81.80036"
"BMO Naples Wealth Mgmt Office Branch","801 Laurel Oak Dr","Naples","FL","34108","Limited-service facility","26.21565","-81.80187"
"BMO Palmetto Branch","1301 8th Ave W","Palmetto","FL","34221","Branch","27.52521","-82.57336"
"BMO Murdock Branch","1777 Tamiami Trl","Port Charlotte","FL","33948","Branch","27.00742","-82.13639"
"BMO Beneva Road Branch","1201 Beneva Rd","Sarasota","FL","34232","Branch","27.32254","-82.49717"
"BMO Downtown Sarasota Branch","52 S Lemon Ave","Sarasota","FL","34236","Branch","27.33554","-82.54084"
"BMO Fruitville Branch","5931 Brookhill Blvd","Sarasota","FL","34232","Branch","27.33756","-82.4511"
"BMO Whitfield Branch","6821 15th St E","Sarasota","FL","34243","Branch","27.4196","-82.54585"
"BMO Tampa Branch","501 E Kennedy Blvd","Tampa","FL","33602","Branch","27.94803","-82.45567"
"BMO University Parkway Branch","5225 University Pkwy","University Park","FL","34201","Branch","27.38896","-82.46692"
"BMO Ames","525 Main St","Ames","IA","50010","Branch","42.02527","-93.61805"
"BMO Ankeny Branch","411 N Ankeny Blvd","Ankeny","IA","50023","Branch","41.73508","-93.59973"
"BMO Bloomfield","105 N Washington St","Bloomfield","IA","52537","Branch","40.75237","-92.41406"
"BMO Boone Branch","717 8th St","Boone","IA","50036","Branch","42.06417","-93.88196"
"BMO Carroll","109 E 7th St","Carroll","IA","51401","Branch","42.06685","-94.86622"
"BMO Cedar Rapids - North River Village","5000 Edgewood Rd Ne","Cedar Rapids","IA","52411","Branch","42.02994","-91.70089"
"BMO Cedar Rapids - Downtown","700 1st Ave Ne","Cedar Rapids","IA","52401","Branch","41.98265","-91.66269"
"BMO Clive Branch","1070 73rd St","Clive","IA","50324","Branch","41.59812","-93.71881"
"BMO Hickman Branch","2199 Nw 159th St","Clive","IA","50325","Branch","41.61431","-93.83558"
"BMO Coralville Branch","800 22nd Ave","Coralville","IA","52241","Branch","41.68233","-91.59602"
"BMO Decorah Branch","120 W Water St","Decorah","IA","52101","Branch","43.30442","-91.78696"
"BMO Decorah Drive Up Branch","405 Heivly St","Decorah","IA","52101","Limited-service facility","43.30518","-91.79072"
"BMO Hubbell Branch","2596 Hubbell Ave","Des Moines","IA","50317","Branch","41.61135","-93.5691"
"BMO Southdale Branch","4910 Se 14th St","Des Moines","IA","50320","Branch","41.53886","-93.59752"
"BMO Indianola","211 E Boston Ave","Indianola","IA","50125","Branch","41.36195","-93.55868"
"BMO Johnston","5721 Merle Hay Rd","Johnston","IA","50131","Branch","41.66441","-93.6971"
"BMO Lamoni","108 E Main St","Lamoni","IA","50140","Branch","40.6239","-93.93312"
"BMO Marion","770 7th Ave","Marion","IA","52302","Branch","42.03355","-91.60206"
"BMO Urbandale","8300 Douglas Ave","Urbandale","IA","50322","Branch","41.62841","-93.73252"
"BMO Jordan Creek","7465 Ashworth Rd","West Des Moines","IA","50266","Branch","41.58326","-93.81012"
"BMO Woodbine","425 Walker St","Woodbine","IA","51579","Branch","41.73689","-95.7024"
"BMO Emerald - Boise Branch","9140 W Emerald St","Boise","ID","83704","Branch","43.61186","-116.29557"
"BMO Ketchum Branch","600 Sun Valley Road","Ketchum","ID","83340","Branch","43.68996","-114.3565"
"BMO Meridian Branch","1630 S Wells Ave","Meridian","ID","83642","Branch","43.58996","-116.36103"
"BMO Nampa Branch","1313 Caldwell Blvd","Nampa","ID","83651","Branch","43.60134","-116.5977"
"BMO Harris Bank Branch","1355 W Lake St","Addison","IL","60101","Branch","41.94525","-88.02115"
"BMO West Army Trail Road Branch","625 W Army Trail Blvd","Addison","IL","60101","Branch","41.93089","-88.0038"
"BMO Harris Bank Algonquin Branch","225 S Randall Rd","Algonquin","IL","60102","Branch","42.17362","-88.33463"
"BMO Arlington Heights - 630 W. Nw Hwy Branch","630 West Northwest Highway","Arlington Heights","IL","60004","Branch","42.08807","-87.99108"
"BMO East Palatine Road Branch","215 E Palatine Rd","Arlington Hts.","IL","60004","Branch","42.10934","-87.97995"
"BMO Harris Bank Aurora Branch","1044 N Farnsworth Ave","Aurora","IL","60505","Branch","41.77901","-88.28243"
"BMO Eola Branch","1187 N Eola Rd","Aurora","IL","60502","Branch","41.78112","-88.23994"
"BMO North Lake Branch","1252 N Lake St","Aurora","IL","60506","Branch","41.78294","-88.31859"
"BMO Harris Bk Aurora Na Branch","2412 W Indian Trl","Aurora","IL","60506","Branch","41.78043","-88.37612"
"BMO Harris Barrington Branch","201 South Grove Street","Barrington","IL","60010","Branch","42.153","-88.1336"
"BMO Suburban Bk Barrington Branch","333 N Northwest Hwy","Barrington","IL","60010","Branch","42.15744","-88.12791"
"BMO Barrington Branch","40 S Barrington Rd","Barrington","IL","60010","Branch","42.07256","-88.14279"
"BMO Harris Bk Bartlett Branch","335 S Main St","Bartlett","IL","60103","Branch","41.98917","-88.1836"
"BMO Harris Bk Batavia Na Branch","155 W Wilson St","Batavia","IL","60510","Branch","41.8503","-88.30978"
"BMO Windmill Place Branch","185 S Randall Rd","Batavia","IL","60510","Branch","41.84721","-88.34086"
"BMO Belleville Branch","2 Carlyle Plaza Dr","Belleville","IL","62221","Branch","38.51691","-89.95265"
"BMO Pacemaker Supermarket Branch","401 Southtowne Dr","Belvidere","IL","61008","Branch","42.24106","-88.84466"
"BMO Bensenville Branch","201 W Grand Ave","Bensenville","IL","60106","Branch","41.93163","-87.9469"
"BMO Berwyn Branch","6655 Cermak Rd","Berwyn","IL","60402","Branch","41.85022","-87.7905"
"BMO Berwyn Branch","6811 Stanley Ave","Berwyn","IL","60402","Branch","41.83365","-87.7938"
"BMO 7100 Ogden Avenue Branch","7100 Ogden Ave","Berwyn","IL","60402","Limited-service facility","41.82422","-87.80026"
"BMO East Lake Street Branch","191 E Lake St","Bloomingdale","IL","60108","Branch","41.958","-88.07149"
"BMO 225 Lily Cache Lane Branch","225 Lily Cache Ln","Bolingbrook","IL","60440","Branch","41.69073","-88.07488"
"BMO Harris Bolingbrook Weber","710 S Weber Rd","Bolingbrook","IL","60490","Branch","41.6748","-88.12458"
"BMO West Roosevelt Road Branch","2223 W Roosevelt Rd","Broadview","IL","60155","Branch","41.86413","-87.86012"
"BMO Mchenry Road Branch","1190 Mchenry Rd","Buffalo Grove","IL","60089","Branch","42.17335","-87.98422"
"BMO Buffalo Grove Branch","500 W Half Day Rd","Buffalo Grove","IL","60089","Branch","42.19773","-87.96932"
"BMO Burr Ridge Branch","101 Burr Ridge Pkwy","Burr Ridge","IL","60527","Branch","41.75099","-87.91441"
"BMO Calumet City Branch","555 Burnham Ave","Calumet City","IL","60409","Branch","41.61989","-87.53929"
"BMO West Army Trail Road Branch","850 W Army Trail Rd","Carol Stream","IL","60188","Branch","41.94","-88.14902"
"BMO Carpentersville Branch","6900 Huntley Rd","Carpentersville","IL","60110","Branch","42.12352","-88.3318"
"BMO Carpentersville Branch","94 N. Kennedy Memorial Drive","Carpentersville","IL","60110","Branch","42.12883","-88.25766"
"BMO Harris Bk Cary-Grove Branch","122 W Main St","Cary","IL","60013","Branch","42.20886","-88.24232"
"BMO Channahon Branch","27121 W Eames St","Channahon","IL","60410","Branch","41.41818","-88.26821"
"BMO Harris Bank-Oak And Michigan Branch","1000 N Lake Shore Dr","Chicago","IL","60611","Branch","41.90106","-87.62465"
"BMO Chicago South Wabash Branch","1300 S Wabash Ave","Chicago","IL","60605","Branch","41.86559","-87.62624"
"BMO Chicago (Main)-131 W Monroe Branch","131 W. Monroe","Chicago","IL","60603","Branch","41.88063","-87.63174"
"BMO Pilsen Branch","1400 W 18th St","Chicago","IL","60608","Branch","41.858","-87.66163"
"BMO Washington Heights Branch","1620 W 95th St","Chicago","IL","60643","Branch","41.72165","-87.66381"
"BMO Harris N.A. Branch","2196 N Elston Ave","Chicago","IL","60614","Branch","41.92125","-87.67235"
"BMO West Addison Branch","2927 W Addison St","Chicago","IL","60618","Branch","41.946","-87.70071"
"BMO North Broadway Branch","3101 N Broadway St","Chicago","IL","60657","Branch","41.93784","-87.644"
"BMO Bmo Bank National Association","320 S Canal St","Chicago","IL","60606","Branch","41.87726","-87.64036"
"BMO Chicago - South Canal Street Branch","338 S Canal St","Chicago","IL","60606","Branch","41.87725","-87.63964"
"BMO Harris Chicago Mckinley Park Branch","3440 S Archer Ave","Chicago","IL","60608","Branch","41.83169","-87.6762"
"BMO Harris Bank Illinois/Mcclurg Branch","352 E Illinois St","Chicago","IL","60611","Branch","41.89111","-87.61826"
"BMO Chicago North Halsted Street Branch","3601 N Halsted St","Chicago","IL","60613","Branch","41.94747","-87.64924"
"BMO North Broadway Branch","4531 N Broadway St","Chicago","IL","60640","Branch","41.96463","-87.65664"
"BMO 4723 South Kedzie Branch","4723 S Kedzie Ave","Chicago","IL","60632","Branch","41.8072","-87.70348"
"BMO Harris Bank Washington Square Branch","4959 W North Ave","Chicago","IL","60639","Branch","41.90932","-87.75054"
"BMO Roosevelt And Clinton Branch","522 W Roosevelt Rd","Chicago","IL","60607","Branch","41.8675","-87.6404"
"BMO Hyde Park Branch","5230 South Lake Park Avenue","Chicago","IL","60615","Branch","41.80026","-87.58806"
"BMO Chicago (Austin-Aspire) Branch","5500 W Madison St","Chicago","IL","60644","Branch","41.8809","-87.76377"
"BMO Clark Street Branch","5711 N Clark St","Chicago","IL","60660","Branch","41.98581","-87.66921"
"BMO West Irving Park Road Branch","5960 W Irving Park Rd","Chicago","IL","60634","Branch","41.95337","-87.77654"
"BMO Chicago Branch","6343 W 63rd St","Chicago","IL","60638","Branch","41.7775","-87.78052"
"BMO South Pulaski Road Branch","6400 S Pulaski Rd","Chicago","IL","60629","Branch","41.77659","-87.72309"
"BMO North Sheridan Road Branch","6556 N Sheridan Rd","Chicago","IL","60626","Branch","42.00181","-87.66118"
"BMO Chicago-Greektown Branch","800 W Washington Blvd","Chicago","IL","60607","Branch","41.88339","-87.64768"
"BMO Chatham Branch","8300 S Holland Rd","Chicago","IL","60620","Branch","41.7433","-87.63245"
"BMO 901 East 47th Street Branch","901 E 47th St","Chicago","IL","60653","Branch","41.80937","-87.60309"
"BMO Washington Branch","99 W Washington St","Chicago","IL","60602","Branch","41.88319","-87.63088"
"BMO Chicago Road Branch","1630 Chicago Rd","Chicago Heights","IL","60411","Branch","41.50119","-87.64063"
"BMO 743 North Pulaski Branch","743 N Pulaski Rd","Chicgo","IL","60624","Branch","41.89489","-87.72577"
"BMO Cicero Facility","2903 S Cicero Ave","Cicero","IL","60804","Branch","41.84","-87.74323"
"BMO Main Street Branch","1380 Main St","Crete","IL","60417","Branch","41.4435","-87.63147"
"BMO Harris Bank Branch","1105 S State Route 31","Crystal Lake","IL","60014","Branch","42.21099","-88.28575"
"BMO Crystal Lake Branch","5545 Northwest Hwy","Crystal Lake","IL","60014","Branch","42.22575","-88.30692"
"BMO Harris Bank Darien Branch","2275 75th St","Darien","IL","60561","Branch","41.75117","-88.00219"
"BMO Harris Bank Branch","205 E Central Rd","Des Plaines","IL","60016","Branch","42.06571","-87.91788"
"BMO Downers Grove - W. Ogden Avenue Branch","1201 Ogden Ave","Downers Grove","IL","60515","Branch","41.80835","-88.01434"
"BMO Elgin - Mclean Branch","170 N Mclean Blvd","Elgin","IL","60123","Branch","42.03946","-88.3125"
"BMO Elgin - Dundee Branch","250 Dundee Ave","Elgin","IL","60120","Branch","42.04139","-88.28044"
"BMO Elk Grove Village Branch","450 E Higgins Rd","Elk Grove Village","IL","60007","Branch","42.02829","-87.98201"
"BMO Harris Elmhurst - York Branch","1121 S York St","Elmhurst","IL","60126","Branch","41.86757","-87.93301"
"BMO Harris Evanston-Central Branch","2821 Central St","Evanston","IL","60201","Branch","42.06472","-87.71348"
"BMO Evergreen Park Branch","9950 S Kedzie Ave","Evergreen Park","IL","60805","Branch","41.71187","-87.70188"
"BMO Fox Lake Branch","1310 S Route 12","Fox Lake","IL","60020","Branch","42.36773","-88.17145"
"BMO Fox River Grove Facility","860 Northwest Hwy","Fox River Grove","IL","60021","Branch","42.19397","-88.20956"
"BMO Frankfort Branch","11041 W Lincoln Hwy","Frankfort","IL","60423","Branch","41.50223","-87.8837"
"BMO Frankfort Square Branch","19500 S Harlem Ave","Frankfort","IL","60423","Branch","41.53598","-87.79118"
"BMO Harris Bk Frankfort Branch","690 N Lagrange Rd","Frankfort","IL","60423","Branch","41.51141","-87.84965"
"BMO Geneva Branch","1399 E State St","Geneva","IL","60134","Branch","41.88712","-88.27974"
"BMO Glen Ellyn Branch","405 Pennsylvania Ave","Glen Ellyn","IL","60137","Branch","41.87652","-88.07143"
"BMO Harris Trust And Savings/Chicago Branch","333 Park Ave","Glencoe","IL","60022","Branch","42.13479","-87.759"
"BMO 6547 Grand Avenue Branch","6547 Grand Ave","Gurnee","IL","60031","Branch","42.38254","-87.96394"
"BMO Harris N.A. Branch","1746 2nd St","Highland Park","IL","60035","Branch","42.18406","-87.80049"
"BMO Hinsdale IL Facility","120 W. Hinsdale Ave","Hinsdale","IL","60521","Other limited-service","41.80207","-87.93116"
"BMO Harris Bk Hinsdale Na Branch","50 S Lincoln St","Hinsdale","IL","60521","Branch","41.80172","-87.93039"
"BMO Harris Bk Hoffman-Schaumburg/Hoffman Estates Branch","1100 N Roselle Rd","Hoffman Estates","IL","60169","Branch","42.04824","-88.08014"
"BMO Hoffman Estates - West Higgins Road Branch","1199 W Higgins Rd","Hoffman Estates","IL","60169","Branch","42.05203","-88.1102"
"BMO Hoffman Estates Branch","1680 W Algonquin Rd","Hoffman Estates","IL","60192","Branch","42.09154","-88.12118"
"BMO Homer Glen Branch","12747 W 143rd St","Homer Glen","IL","60491","Branch","41.62883","-87.93039"
"BMO Harris N. A. Branch","17600 Halsted St","Homewood","IL","60430","Branch","41.56908","-87.6369"
"BMO Harris Bk Huntley Branch","10604 N Il Route 47","Huntley","IL","60142","Branch","42.1752","-88.42666"
"BMO Huntley Branch","12920 S Il Route 47","Huntley","IL","60142","Branch","42.14201","-88.43176"
"BMO West Side Facility","207 N Midland Ave","Joliet","IL","60435","Branch","41.52594","-88.11571"
"BMO Drive-IN Facility","66 E Jefferson St","Joliet","IL","60432","Limited-service facility","41.52496","-88.07949"
"BMO Harris Bk Joliet Na Branch","78 N Chicago St","Joliet","IL","60432","Branch","41.52577","-88.08101"
"BMO Essington And Black Road Facility","801 Essington Rd","Joliet","IL","60435","Branch","41.53698","-88.1614"
"BMO La Grange Branch","1000 S La Grange Rd","La Grange","IL","60525","Branch","41.7956","-87.86933"
"BMO Lake Barrington Shores Branch","5035 Shoreline Rd","Lake Barrington","IL","60010","Branch","42.22738","-88.14587"
"BMO 824 North Western Avenue Branch","824 N Western Ave","Lake Forest","IL","60045","Branch","42.25447","-87.84094"
"BMO North Milwaukee Avenue Branch","354 N Milwaukee Ave","Libertyville","IL","60048","Branch","42.28651","-87.9538"
"BMO Harris Bk Libertyville Branch","890 S Milwaukee Ave","Libertyville","IL","60048","Branch","42.27348","-87.94978"
"BMO Lincolnwood Branch","6820 N Lincoln Ave","Lincolnwood","IL","60712","Branch","42.00477","-87.73104"
"BMO Maple Avenue Branch","1050 Maple Ave","Lisle","IL","60532","Branch","41.78723","-88.07417"
"BMO 826 East Ninth Street Branch","826 E 9th St","Lockport","IL","60441","Branch","41.58941","-88.04574"
"BMO Lombard Branch","345 S Main St","Lombard","IL","60148","Branch","41.88082","-88.01779"
"BMO Machesney Park Office","1530 W Lane Rd","Machesney Park","IL","61115","Branch","42.36599","-89.02642"
"BMO Manhattan Branch","505 S State St","Manhattan","IL","60442","Branch","41.41947","-87.9845"
"BMO Harris Bk Marengo Branch","100 W Washington St","Marengo","IL","60152","Branch","42.2495","-88.60881"
"BMO Lincoln Mall Drive Branch","4940 211th St","Matteson","IL","60443","Branch","41.50653","-87.73457"
"BMO Mchenry - 2400 N. Richmond Rd Branch","2400 N Richmond Rd","Mchenry","IL","60051","Branch","42.36081","-88.26646"
"BMO Midlothian Branch","4050 147th St","Midlothian","IL","60445","Branch","41.62571","-87.71988"
"BMO 207 West Mondamin Branch","207 W Mondamin St","Minooka","IL","60447","Branch","41.45545","-88.26395"
"BMO Mount Prospect Elmhurst Road Branch","1450 Elmhurst Road","Mount Prospect","IL","60056","Branch","42.04023","-87.94078"
"BMO Mundelein Branch","685 S Il Route 83","Mundelein","IL","60060","Branch","42.25481","-88.02138"
"BMO Brighton Commons Facility","1284 Rickert Dr","Naperville","IL","60540","Branch","41.74949","-88.16783"
"BMO None Given Branch","1315 S Naper Blvd","Naperville","IL","60540","Branch","41.74981","-88.11511"
"BMO Naperville Branch","2975 Cedar Glade Dr","Naperville","IL","60564","Branch","41.71019","-88.20172"
"BMO Harris Bk Naperville Branch","503 N Washington St","Naperville","IL","60563","Branch","41.78116","-88.14786"
"BMO New Lenox Branch","110 W Maple St","New Lenox","IL","60451","Branch","41.51382","-87.96706"
"BMO Drive-Up Facility","360 W Maple St","New Lenox","IL","60451","Limited-service facility","41.51663","-87.97825"
"BMO West Dempster Branch","7077 W Dempster St","Niles","IL","60714","Branch","42.04058","-87.80381"
"BMO North Riverside Branch","9101 W Cermak Rd","North Riverside","IL","60546","Branch","41.84928","-87.85004"
"BMO Northbrook Branch","1134 Willow Ln","Northbrook","IL","60062","Branch","42.12775","-87.80835"
"BMO Glencoe-Northbrook Branch","3063 Dundee Rd","Northbrook","IL","60062","Branch","42.13768","-87.8556"
"BMO Northbrook Facility","500 Skokie Blvd","Northbrook","IL","60062","Branch","42.1423","-87.79539"
"BMO Oak Lawn Branch","5151 W 95th St","Oak Lawn","IL","60453","Branch","41.71929","-87.75025"
"BMO Harris Bk Oakbrook Terrace Branch","17 W 695 Roosevelt Road","Oakbrook Terrace","IL","60181","Branch","41.88163","-87.97389"
"BMO Orland Park Branch","15901 Wolf Rd","Orland Park","IL","60467","Branch","41.60038","-87.89079"
"BMO Orland Park Wolf Road Branch","18084 Wolf Rd","Orland Park","IL","60467","Branch","41.56233","-87.89091"
"BMO 143rd Street Branch","8150 W 143rd St","Orland Park","IL","60462","Branch","41.63163","-87.81911"
"BMO Orland Park Branch","8400 W 159th St","Orland Park","IL","60462","Branch","41.60237","-87.82393"
"BMO Harris Bank Townes Crossing Branch","220 Douglas Rd","Oswego","IL","60543","Branch","41.71747","-88.31913"
"BMO Rand And Winslowe Branch","1350 N Rand Rd","Palatine","IL","60074","Branch","42.13573","-88.01805"
"BMO West Northwest Highway Branch","205 W Northwest Hwy","Palatine","IL","60067","Branch","42.12205","-88.04895"
"BMO Harris Bk Palatine Na Branch","50 N Brockway St","Palatine","IL","60067","Branch","42.11182","-88.04668"
"BMO Palatine Township Facility","1172 Plum Grove Road","Palatine Township","IL","60067","Branch","42.09008","-88.04368"
"BMO Palos Heights South Harlem Avenue Branch","12534 S Harlem Ave","Palos Heights","IL","60463","Branch","41.66316","-87.79697"
"BMO Park Ridge - Busse Hwy Branch","615 Busse Hwy","Park Ridge","IL","60068","Branch","42.01846","-87.8446"
"BMO Plainfield Nlsb Branch","15101 S Route 59","Plainfield","IL","60544","Branch","41.60791","-88.20178"
"BMO Caton Farm Branch","2251 S Route 59","Plainfield","IL","60586","Branch","41.56267","-88.20086"
"BMO 2005 West Route #34 Branch","2005 W Route 34","Plano","IL","60545","Branch","41.65826","-88.54968"
"BMO North Main Branch","1275 Benington Rd","Rockford","IL","61103","Branch","42.31914","-89.07795"
"BMO Colonial Facility","1480 S Alpine Rd","Rockford","IL","61108","Branch","42.25312","-89.02848"
"BMO South Main Street Branch","228 S Main St","Rockford","IL","61101","Branch","42.26983","-89.09548"
"BMO Brynwood Square","2705 N Mulford Rd","Rockford","IL","61114","Branch","42.30007","-88.99947"
"BMO Perryville Branch","3201 N Perryville Rd","Rockford","IL","61114","Branch","42.30651","-88.97913"
"BMO Harris Bk Arlington-Meadows/Rolling Meadows Branch","3225 Kirchoff Rd","Rolling Meadows","IL","60008","Branch","42.07781","-88.01985"
"BMO Romeoville Branch","626 Townhall Dr","Romeoville","IL","60446","Branch","41.65265","-88.08411"
"BMO Weber Road Branch","80 S Weber Rd","Romeoville","IL","60446","Branch","41.62082","-88.12415"
"BMO Harris Bk West Na Branch","110 E Irving Park Rd","Roselle","IL","60172","Branch","41.98413","-88.07626"
"BMO Drive-IN Facility","400 East Irving Park","Roselle","IL","60172","Limited-service facility","41.98344","-88.07104"
"BMO Harris Round Lake Heights Branch","935 W Rollins Rd","Round Lake Heights","IL","60073","Branch","42.37959","-88.10714"
"BMO Schaumburg Branch","2401 W Schaumburg Rd","Schaumburg","IL","60194","Branch","42.0246","-88.1391"
"BMO South Roselle Road Branch","590 S Roselle Rd","Schaumburg","IL","60193","Branch","42.01686","-88.08051"
"BMO Shorewood Branch","709 W Jefferson St","Shorewood","IL","60404","Branch","41.52113","-88.20595"
"BMO Skokie - 4801 Golf Road Branch","4801 Golf Rd","Skokie","IL","60077","Branch","42.05496","-87.74736"
"BMO Thornwood Branch","473 Redington Dr","South Elgin","IL","60177","Branch","41.97986","-88.34153"
"BMO Randall Road Drive-IN Facility","300 S Randall Rd","St. Charles","IL","60174","Limited-service facility","41.90708","-88.33945"
"BMO East Side Branch","3890 E Main St","St. Charles","IL","60174","Branch","41.92174","-88.26364"
"BMO West Irving Park Road Branch","185 W Irving Park Rd","Streamwood","IL","60107","Branch","42.01382","-88.18662"
"BMO Drive-Up Facility","7601 W 63rd Pl","Summit","IL","60501","Limited-service facility","41.77587","-87.81075"
"BMO Villa Park Trust And Savings Branch","10 S Villa Ave","Villa Park","IL","60181","Branch","41.88964","-87.97043"
"BMO Harris Bank Branch","3113 N Lewis Ave","Waukegan","IL","60087","Branch","42.40891","-87.85434"
"BMO West Dundee Branch","720 South Eighth Street (route 31)","West Dundee","IL","60118","Branch","42.09017","-88.28955"
"BMO Harris Bk Westchester Branch","10500 W Cermak Rd","Westchester","IL","60154","Branch","41.84888","-87.88438"
"BMO 4475 Grand Avenue Branch","4475 Grand Ave","Western Springs","IL","60558","Limited-service facility","41.80821","-87.90115"
"BMO Western Springs Branch","901 Burlington Ave","Western Springs","IL","60558","Branch","41.80872","-87.90075"
"BMO Blanchard Circle Branch","4 Blanchard Cir","Wheaton","IL","60189","Branch","41.83608","-88.10244"
"BMO Huntington Lane Branch","10 Huntington Ln","Wheeling","IL","60090","Branch","42.1394","-87.95591"
"BMO Harris Bk Wilmette Na Branch","1701 Sheridan Rd","Wilmette","IL","60091","Branch","42.08827","-87.7025"
"BMO Harris Bk Winnetka Na Branch","520 Green Bay Rd","Winnetka","IL","60093","Branch","42.10565","-87.73407"
"BMO Harris Bk Elk Grove Na Branch","130 W Devon Ave","Wood Dale","IL","60191","Branch","41.99237","-87.98097"
"BMO Woodridge Branch","2413 75th St","Woodridge","IL","60517","Branch","41.74998","-88.04166"
"BMO Drive-IN Facility","217 E South St","Woodstock","IL","60098","Limited-service facility","42.31329","-88.44522"
"BMO Woodstock Branch","225 W Jackson St","Woodstock","IL","60098","Branch","42.31442","-88.44947"
"BMO Avon Branch","7503 Beechwood Centre Rd","Avon","IN","46123","Branch","39.76358","-86.38945"
"BMO Brownsburg IN Branch","610 W Northfield Dr","Brownsburg","IN","46112","Branch","39.85931","-86.40811"
"BMO Carmel Branch","1701 E. 116th Street","Carmel","IN","46032","Branch","39.95627","-86.12628"
"BMO Crown Point Branch","10705 Broadway","Crown Point","IN","46307","Branch","41.42343","-87.33475"
"BMO Dyer Branch","801 Joliet St","Dyer","IN","46311","Branch","41.49338","-87.50842"
"BMO East Chicago Branch","2409 E 141st St","East Chicago","IN","46312","Branch","41.6386","-87.44198"
"BMO 116th & Brooks School Branch","12620 E 116th St","Fishers","IN","46037","Branch","39.95811","-85.93919"
"BMO Fishers Branch","7150 E 116th St","Fishers","IN","46038","Branch","39.95715","-86.04297"
"BMO Franklin IN Branch","2389 N Morton St","Franklin","IN","46131","Branch","39.50663","-86.06939"
"BMO Gary West Branch","2746 W 5th Ave","Gary","IN","46404","Branch","41.60222","-87.37174"
"BMO Miller Branch","6001 Melton Rd","Gary","IN","46403","Branch","41.59626","-87.26479"
"BMO County Line And Emerson Branch","1253 N Emerson Ave","Greenwood","IN","46143","Branch","39.63411","-86.082"
"BMO Center Grove Branch","1696 Meridian Oaks Dr","Greenwood","IN","46142","Branch","39.61518","-86.15793"
"BMO Griffith Branch","200 W Ridge Rd","Griffith","IN","46319","Branch","41.5517","-87.42906"
"BMO Nammon Sibley Branch","27 Sibley St","Hammond","IN","46320","Branch","41.62045","-87.52399"
"BMO Calumet Avenue Branch","7227 Calumet Ave","Hammond","IN","46324","Branch","41.58228","-87.50872"
"BMO Washington Square Branch","10040 E Washington St","Indianapolis","IN","46229","Branch","39.77547","-85.98915"
"BMO Plaza Branch","135 N Pennsylvania St","Indianapolis","IN","46204","Branch","39.76946","-86.15566"
"BMO Nora Branch","1402 E 86th St","Indianapolis","IN","46240","Branch","39.91288","-86.13598"
"BMO 14th & Shadeland Branch","1402 N Shadeland Ave","Indianapolis","IN","46219","Branch","39.78752","-86.04618"
"BMO North Willow Branch","2260 W 86th St","Indianapolis","IN","46260","Branch","39.9124","-86.20049"
"BMO Sunnyside Branch","5835 Sunnyside Rd","Indianapolis","IN","46235","Branch","39.8615","-85.9722"
"BMO 62nd & Allisonville Branch","6205 Allisonville Rd","Indianapolis","IN","46220","Branch","39.86902","-86.09638"
"BMO Intech Park Branch","6410 Intech Commons Dr","Indianapolis","IN","46278","Branch","39.88078","-86.27337"
"BMO Castleton Branch","7652 N Shadeland Ave","Indianapolis","IN","46250","Branch","39.89398","-86.04671"
"BMO Marquette Manor Branch","8140 Township Line Rd","Indianapolis","IN","46260","Other limited-service","39.90391","-86.20792"
"BMO Greenwood Branch","8675 Us 31","Indianapolis","IN","46227","Branch","39.64011","-86.12934"
"BMO West 10th Street Branch","925 N High School Rd","Indianapolis","IN","46214","Branch","39.77907","-86.27299"
"BMO North Side Branch","2135 N Washington St","Kokomo","IN","46901","Branch","40.50664","-86.13411"
"BMO West Side Branch","2206 W Sycamore St","Kokomo","IN","46901","Branch","40.4879","-86.16025"
"BMO Lincoln Road Financial Center Branch","2800 S Reed Rd","Kokomo","IN","46902","Branch","40.45473","-86.1121"
"BMO Main Street Kokomo IN Branch","429 N Main St","Kokomo","IN","46901","Branch","40.48963","-86.13135"
"BMO Sycamore Street Martinsville IN Branch","10 N Sycamore St","Martinsville","IN","46151","Limited-service facility","39.42718","-86.42655"
"BMO Plaza Branch","2110 Burton Ln","Martinsville","IN","46151","Branch","39.40686","-86.43771"
"BMO North Jefferson Branch","89 N Jefferson St","Martinsville","IN","46151","Branch","39.42769","-86.42697"
"BMO Merrillville Branch","7701 Broadway","Merrillville","IN","46410","Branch","41.47801","-87.33522"
"BMO Mooresville Drive-Thru","33 W Main St","Mooresville","IN","46158","Limited-service facility","39.61255","-86.37602"
"BMO Mooresville Branch","46 Spring Mill Ct","Mooresville","IN","46158","Branch","39.60668","-86.3651"
"BMO Munster Branch","909 Ridge Rd","Munster","IN","46321","Branch","41.56146","-87.50669"
"BMO Hamilton Towne Center Branch","13225 Tegler Dr","Noblesville","IN","46060","Branch","39.99541","-85.92995"
"BMO Stony Creek Branch","17269 Mercantile Blvd","Noblesville","IN","46060","Branch","40.03873","-85.99461"
"BMO Logan & Lakeview Branch","350 W Logan St","Noblesville","IN","46060","Branch","40.04951","-86.0235"
"BMO Plainfield Branch","2609 E Main St Ste G","Plainfield","IN","46168","Branch","39.7158","-86.3601"
"BMO Portage Branch","6015 Us Highway 6","Portage","IN","46368","Branch","41.55001","-87.18195"
"BMO Rushville Branch","201 Harcourt Way","Rushville","IN","46173","Branch","39.6229","-85.44314"
"BMO St. John Branch","9770 Wicker Ave","St. John","IN","46373","Branch","41.44141","-87.47072"
"BMO Valparaiso South Branch","750 Washington St","Valparaiso","IN","46383","Branch","41.46063","-87.06346"
"BMO Westfield Branch","253 W Tournament Trail","Westfield","IN","46074","Branch","40.04383","-86.14321"
"BMO Zionsville Branch","1350 W Oak St","Zionsville","IN","46077","Branch","39.95123","-86.27737"
"BMO Augusta","1420 Ohio St","Augusta","KS","67010","Branch","37.69004","-96.97116"
"BMO Derby Branch","300 N Rock Rd","Derby","KS","67037","Branch","37.54667","-97.24356"
"BMO Dodge City","400 W Frontview St","Dodge City","KS","67801","Branch","37.78075","-100.02136"
"BMO Garden City","1301 E Kansas Ave","Garden City","KS","67846","Branch","37.97532","-100.85824"
"BMO Great Bend","1200 Kansas Ave","Great Bend","KS","67530","Branch","38.36359","-98.76331"
"BMO Hutchinson","829 E 30th Ave","Hutchinson","KS","67502","Branch","38.08612","-97.91344"
"BMO Larned Branch","324 W 14th St","Larned","KS","67550","Branch","38.18853","-99.10157"
"BMO Leawood Office","11301 Nall Ave","Leawood","KS","66211","Branch","38.92255","-94.64822"
"BMO State Line Branch","8840 State Line Rd","Leawood","KS","66206","Branch","38.9678","-94.60862"
"BMO Mission","6263 Nall Ave","Mission","KS","66202","Branch","39.01684","-94.64835"
"BMO Newton","100 W 12th St","Newton","KS","67114","Branch","38.0574","-97.34564"
"BMO Olathe Branch","15203 W 119th St","Olathe","KS","66062","Branch","38.91221","-94.76328"
"BMO Ottawa","700 S Main St","Ottawa","KS","66067","Branch","38.6082","-95.26909"
"BMO Overland Park South Branch","12080 Blue Valley Pkwy","Overland Park","KS","66213","Branch","38.9092","-94.67302"
"BMO Overland Park - 94th","9400 Antioch Rd","Overland Park","KS","66212","Branch","38.95802","-94.68669"
"BMO 4th & Walnut Branch","402 N Walnut St","Pittsburg","KS","66762","Limited-service facility","37.41128","-94.70753"
"BMO Pittsburg Branch","417 N Broadway St","Pittsburg","KS","66762","Branch","37.41177","-94.70533"
"BMO Monticello Branch","21900 Shawnee Mission Pkwy","Shawnee","KS","66226","Branch","39.00882","-94.84029"
"BMO Long Branch","6333 Long Ave","Shawnee","KS","66216","Branch","39.01404","-94.7301"
"BMO Westglen Branch","7225 Renner Rd","Shawnee","KS","66217","Branch","38.99776","-94.77908"
"BMO Wichita - Nw","2123 N Maize Rd","Wichita","KS","67212","Branch","37.72224","-97.46335"
"BMO Wichita - Downtown","255 N Main St","Wichita","KS","67202","Branch","37.68948","-97.33858"
"BMO Wichita - NE Branch","3055 N Rock Rd","Wichita","KS","67226","Branch","37.73912","-97.24529"
"BMO Winfield","1113 Main St","Winfield","KS","67156","Branch","37.23769","-96.99753"
"BMO Ada Branch","412 E Main St","Ada","MN","56510","Branch","47.3007","-96.51512"
"BMO Apple Valley Branch","7095 151st St W","Apple Valley","MN","55124","Branch","44.73126","-93.20877"
"BMO Benson Branch","1302 Atlantic Ave","Benson","MN","56215","Branch","45.31511","-95.60057"
"BMO Blaine Branch","1520 109th Ave Ne","Blaine","MN","55449","Branch","45.16755","-93.23245"
"BMO Bloomington Office","9320 Ensign Ave S","Bloomington","MN","55438","Branch","44.8349","-93.39557"
"BMO Breckenridge Red River Branch","408 Minnesota Ave","Breckenridge","MN","56520","Branch","46.26345","-96.58922"
"BMO Burnsville Office","14201 Grand Ave","Burnsville","MN","55337","Branch","44.74634","-93.28039"
"BMO Caledonia Branch","124 E Grove St","Caledonia","MN","55921","Branch","43.63344","-91.49609"
"BMO Chanhassen Branch","761 W 78th St","Chanhassen","MN","55317","Branch","44.86175","-93.54113"
"BMO Eden Prairie Office","11455 Viking Dr","Eden Prairie","MN","55344","Branch","44.86347","-93.42289"
"BMO Edina Branch","3905 W 69th St","Edina","MN","55435","Branch","44.87772","-93.33018"
"BMO Edina 50th & France Branch","5050 France Ave S","Edina","MN","55410","Branch","44.91097","-93.32937"
"BMO Elbow Lake Branch","14 Central Ave S","Elbow Lake","MN","56531","Branch","45.99195","-95.97719"
"BMO Fergus Falls West Branch","120 N Mill St","Fergus Falls","MN","56537","Branch","46.28425","-96.07385"
"BMO Ivanhoe Branch","323 N Norman St","Ivanhoe","MN","56142","Branch","44.4631","-96.24764"
"BMO Lakefield Branch","204 Main St","Lakefield","MN","56150","Branch","43.67658","-95.17157"
"BMO Little Falls Branch","65 E Broadway","Little Falls","MN","56345","Branch","45.97737","-94.36348"
"BMO Mabel Branch","101 E Newburg Ave","Mabel","MN","55954","Branch","43.52162","-91.76971"
"BMO Maple Grove Branch","11915 Elm Creek Blvd N","Maple Grove","MN","55369","Branch","45.09398","-93.43257"
"BMO Marshall Branch","1410 E College Dr","Marshall","MN","56258","Branch","44.45002","-95.76313"
"BMO Lake Street Branch","320 E Lake St","Minneapolis","MN","55408","Branch","44.94856","-93.27135"
"BMO Coon Rapids Office","3500 129th Ave Nw","Minneapolis","MN","55448","Branch","45.20633","-93.35585"
"BMO St. Louis Park Banch","5775 Wayzata Blvd","Minneapolis","MN","55416","Branch","44.96887","-93.35407"
"BMO Minneota Branch","123 N Jefferson St","Minneota","MN","56264","Branch","44.5611","-95.98795"
"BMO Morris Branch","214 Atlantic Ave","Morris","MN","56267","Branch","45.58429","-95.91183"
"BMO Paynesville Branch","201 W James St","Paynesville","MN","56362","Branch","45.3818","-94.71545"
"BMO Plymouth Branch","3245 Vicksburg Ln N","Plymouth","MN","55447","Branch","45.01788","-93.48245"
"BMO Ramsey Branch","14125 Saint Francis Blvd","Ramsey","MN","55303","Branch","45.22745","-93.39763"
"BMO Richfield Office","6625 Lyndale Ave S","Richfield","MN","55423","Branch","44.88223","-93.28698"
"BMO Rogers MN Branch","13798 Rogers Dr","Rogers","MN","55374","Branch","45.20353","-93.54985"
"BMO Roseville Branch","1780 Highway 36 W","Roseville","MN","55113","Branch","45.00836","-93.1754"
"BMO Highland Park Branch","522 Snelling Avenue","Saint Paul","MN","55116","Branch","44.92589","-93.16659"
"BMO Windom Branch","203 10th St","Windom","MN","56101","Branch","43.86631","-95.11532"
"BMO Woodbury Branch","9935 Hudson Pl","Woodbury","MN","55125","Branch","44.94221","-92.90482"
"BMO Worthington Branch","1027 4th Ave","Worthington","MN","56187","Branch","43.62107","-95.59682"
"BMO Jefferson County Branch","1060 Jeffco Blvd","Arnold","MO","63010","Branch","38.44355","-90.37359"
"BMO Blue Springs","3121 S 7 Hwy","Blue Springs","MO","64014","Branch","38.988","-94.27419"
"BMO Ellisville Branch","3095 Clarkson Rd","Chesterfield","MO","63017","Branch","38.6058","-90.58501"
"BMO Clayton Facility","700 Corporate Park Dr","Clayton","MO","63105","Branch","38.64258","-90.34457"
"BMO Crestwood Branch","9206 Watson Rd","Crestwood","MO","63126","Branch","38.55952","-90.37393"
"BMO Creve Coeur East Branch","10911 Olive Blvd","Creve Coeur","MO","63141","Branch","38.67341","-90.41979"
"BMO Des Peres Branch","13205 Manchester Rd","Des Peres","MO","63131","Branch","38.60287","-90.4637"
"BMO Eastland Branch","18931 E Valley View Pkwy","Independence","MO","64055","Branch","39.03351","-94.35589"
"BMO Independence Branch","4610 S Noland Rd","Independence","MO","64055","Branch","39.03681","-94.41588"
"BMO Briar Cliff Branch","1201 Nw Briarcliff Pkwy","Kansas City","MO","64116","Branch","39.1681","-94.5958"
"BMO Platte - 64th Street Branch","5245 Nw 64th St","Kansas City","MO","64151","Branch","39.20992","-94.64151"
"BMO Plaza Branch","800 W 47th St","Kansas City","MO","64112","Branch","39.04269","-94.59679"
"BMO Lees Summit South  Branch","100 Sw Highway 150","Lees Summit","MO","64082","Branch","38.85321","-94.37792"
"BMO Lee's Summit East Branch","700 Ne State Route 291","Lees Summit","MO","64086","Branch","38.92492","-94.36111"
"BMO Liberty Branch","105 N Stewart Ct","Liberty","MO","64068","Branch","39.24521","-94.45271"
"BMO Liberty Branch","850 S State Route 291","Liberty","MO","64068","Branch","39.2375","-94.4357"
"BMO Winghaven Branch","3001 Winghaven Blvd","O Fallon","MO","63368","Branch","38.75128","-90.75005"
"BMO St. Joe Branch","4305 Frederick Ave","Saint Joseph","MO","64506","Branch","39.778","-94.79016"
"BMO The Hill Branch","2301 S Kingshighway Blvd","Saint Louis","MO","63110","Branch","38.6123","-90.26818"
"BMO Southtowne Branch","4210 S Kingshighway Blvd","Saint Louis","MO","63109","Branch","38.59063","-90.27299"
"BMO St. Louis - Locust Street Branch","603 Locust St","Saint Louis","MO","63101","Branch","38.62965","-90.19031"
"BMO Concorde","5256 S Lindbergh Blvd","St. Louis","MO","63126","Branch","38.52644","-90.36509"
"BMO Sunset Hills Branch","3701 S Lindbergh Blvd","Sunset Hills","MO","63127","Branch","38.55163","-90.40753"
"BMO Beach Branch","115 S Central Ave","Beach","ND","58621","Branch","46.91436","-104.00629"
"BMO Dickinson Branch","150 W Villard St","Dickinson","ND","58601","Branch","46.87919","-102.7877"
"BMO Fargo - Village West Branch","4001 13th Ave S","Fargo","ND","58103","Branch","46.86219","-96.84856"
"BMO Lidgerwood Branch","50 Wiley Ave S","Lidgerwood","ND","58053","Branch","46.07469","-97.15207"
"BMO Alliance Drive Up Branch","120 W 2nd St","Alliance","NE","69301","Limited-service facility","42.09631","-102.87184"
"BMO Alliance Branch","224 Box Butte Ave","Alliance","NE","69301","Branch","42.0969","-102.87114"
"BMO Beatrice Branch","633 N 6th St","Beatrice","NE","68310","Branch","40.27242","-96.74695"
"BMO Twin Creek Branch","4009 Twin Creek Dr","Bellevue","NE","68123","Branch","41.1407","-95.97433"
"BMO Bridgeport Branch","10th & Main Street","Bridgeport","NE","69336","Branch","41.66521","-103.09959"
"BMO Chadron Branch","210 W 3rd St","Chadron","NE","69337","Branch","42.8297","-103.00227"
"BMO Columbus Branch","2714 23rd St","Columbus","NE","68601","Branch","41.43907","-97.36092"
"BMO Fremont - East 23rd Branch","1330 E 23rd St","Fremont","NE","68025","Branch","41.45192","-96.4808"
"BMO Gordon Branch","205 N Main St","Gordon","NE","69343","Branch","42.8051","-102.2029"
"BMO Grand Island Branch","3301 State St","Grand Island","NE","68803","Branch","40.9382","-98.37959"
"BMO Kearney Branch","4407 2nd Ave","Kearney","NE","68847","Branch","40.71799","-99.08317"
"BMO 84th & Giles Branch","8125 S 84th St","La Vista","NE","68128","Branch","41.17685","-96.04237"
"BMO 16th & South Branch","2103 S 16th St","Lincoln","NE","68502","Branch","40.7914","-96.69959"
"BMO 52nd & ""O"" Branch","5225 O St","Lincoln","NE","68510","Branch","40.81317","-96.64815"
"BMO Williamsburg Branch","5700 Village Blvd","Lincoln","NE","68516","Branch","40.75493","-96.66709"
"BMO Norfolk - Main Branch","602 W Norfolk Ave","Norfolk","NE","68701","Branch","42.03314","-97.41569"
"BMO North Platte Branch","301 W 4th St","North Platte","NE","69101","Branch","41.13719","-100.76608"
"BMO 132nd & California Branch","13220 California St","Omaha","NE","68154","Branch","41.26651","-96.12051"
"BMO Eagle Run Branch","13506 W Maple Rd","Omaha","NE","68164","Branch","41.29267","-96.12516"
"BMO 138th & Q Branch","13737 Q St","Omaha","NE","68137","Branch","41.20441","-96.12845"
"BMO 168th & Harrison Branch","16808 Harrison St","Omaha","NE","68136","Branch","41.19119","-96.17811"
"BMO 180th And West Center  Branch","18102 Wright St","Omaha","NE","68130","Branch","41.23355","-96.19684"
"BMO 20th & Harney Branch","1921 Harney St","Omaha","NE","68102","Branch","41.25631","-95.94185"
"BMO 44th & Farnam Branch","339 N Saddle Creek Rd","Omaha","NE","68131","Branch","41.26197","-95.97992"
"BMO 90th & Maplewood Branch","3520 N 90th St","Omaha","NE","68134","Branch","41.29157","-96.05369"
"BMO 24th & L Branch","4724 S 24th St","Omaha","NE","68107","Branch","41.21164","-95.94748"
"BMO Benson-Dundee Branch","5901 Nw Radial Hwy","Omaha","NE","68104","Branch","41.28608","-96.00437"
"BMO 87th & West Center Branch","8707 W Center Rd","Omaha","NE","68124","Branch","41.23397","-96.04923"
"BMO Valentine Branch","402 N Main St","Valentine","NE","69201","Branch","42.87657","-100.55036"
"BMO Cottonwood Branch","10050 Coors Bypass Nw","Albuquerque","NM","87114","Branch","35.20078","-106.65968"
"BMO Eubank Branch","2101 Eubank Blvd Ne","Albuquerque","NM","87112","Branch","35.10587","-106.53352"
"BMO Roma Branch","303 Roma Ave Nw","Albuquerque","NM","87102","Branch","35.08941","-106.64985"
"BMO Sandia Plaza Branch","3201 Juan Tabo Blvd Ne","Albuquerque","NM","87111","Branch","35.11723","-106.51639"
"BMO Adobe Acres Branch","3733 Isleta Blvd Sw","Albuquerque","NM","87105","Branch","35.02173","-106.68296"
"BMO Del Norte Branch","4221 San Mateo Blvd Ne","Albuquerque","NM","87110","Branch","35.1293","-106.58698"
"BMO Grand Avenue Branch","500 Dr Martin Luther King Jr Ave Ne","Albuquerque","NM","87102","Branch","35.0852","-106.64095"
"BMO West Central Branch","5228 Central Ave Sw","Albuquerque","NM","87105","Branch","35.08273","-106.69609"
"BMO East Central Branch","5401 Central Ave Ne","Albuquerque","NM","87108","Branch","35.07801","-106.58499"
"BMO Jefferson Branch","5501 Jefferson St Ne","Albuquerque","NM","87109","Branch","35.1438","-106.59907"
"BMO Coronado Branch","5901 Menaul Blvd Ne","Albuquerque","NM","87110","Branch","35.10955","-106.57818"
"BMO Academy Branch","6701 Academy Rd Ne","Albuquerque","NM","87109","Branch","35.1457","-106.56946"
"BMO Manzano Branch","780 Juan Tabo Blvd Ne","Albuquerque","NM","87123","Branch","35.0843","-106.51444"
"BMO La Cueva Branch","7900 Wyoming Blvd Ne","Albuquerque","NM","87109","Branch","35.17133","-106.55951"
"BMO Anthony Branch","300 Anthony Dr","Anthony","NM","88021","Branch","32.00254","-106.60583"
"BMO Cedar Crest Branch","12127 N Highway 14","Cedar Crest","NM","87008","Branch","35.11861","-106.37254"
"BMO Las Cruces Branch","201 N Church St","Las Cruces","NM","88001","Branch","32.31098","-106.77865"
"BMO Telshor Branch","795 S Telshor Blvd","Las Cruces","NM","88011","Branch","32.31051","-106.74031"
"BMO Los Lunas Branch","2610 Main St Nw","Los Lunas","NM","87031","Branch","34.81645","-106.76642"
"BMO Rio Rancho Branch","3735 Southern Blvd Se","Rio Rancho","NM","87124","Branch","35.2421","-106.66104"
"BMO Carson City Branch","2976 N Carson St","Carson City","NV","89706","Branch","39.18607","-119.77114"
"BMO Green Valley Branch","701 N Valle Verde Dr","Henderson","NV","89014","Branch","36.06877","-115.06803"
"BMO Rainbow Branch","2925 S Rainbow Blvd","Las Vegas","NV","89146","Branch","36.13645","-115.24345"
"BMO Sahara Branch","2980 W Sahara Ave","Las Vegas","NV","89102","Branch","36.14469","-115.18169"
"BMO The Lakes Branch","9021 W Sahara Ave","Las Vegas","NV","89117","Branch","36.14372","-115.29339"
"BMO Reno Branch","4950 Kietzke Ln","Reno","NV","89509","Branch","39.47812","-119.79297"
"BMO Sparks Branch","855 Sparks Blvd","Sparks","NV","89434","Branch","39.54304","-119.71581"
"BMO Ada - Main","606 E Main St","Ada","OK","74820","Branch","34.77488","-96.67032"
"BMO Ardmore","321 N Commerce St","Ardmore","OK","73401","Branch","34.17992","-97.14368"
"BMO Cushing","421 E Main St","Cushing","OK","74023","Branch","35.98475","-96.76794"
"BMO Edmond Branch","1101 N Santa Fe Ave","Edmond","OK","73003","Branch","35.66592","-97.51476"
"BMO Enid Branch","701 W Broadway Ave","Enid","OK","73701","Branch","36.39638","-97.8868"
"BMO Midwest City","1201 S Air Depot Blvd","Midwest City","OK","73110","Branch","35.45281","-97.40653"
"BMO Quail Creek","12000 N Pennsylvania Ave","Oklahoma City","OK","73120","Branch","35.59174","-97.54877"
"BMO 89th & Penn","1600 Sw 89th St","Oklahoma City","OK","73159","Branch","35.3768","-97.54591"
"BMO Commercial Banking Group - Oklahoma","3600 Nw 138th St","Oklahoma City","OK","73134","Administrative office","35.61129","-97.58258"
"BMO Penn Plaza","5603 N Pennsylvania Ave","Oklahoma City","OK","73112","Branch","35.52655","-97.54805"
"BMO Nw Expressway","5757 Nw Expressway","Oklahoma City","OK","73132","Branch","35.54858","-97.61554"
"BMO Seminole","1907 N Milt Phillips Ave","Seminole","OK","74868","Branch","35.24076","-96.67177"
"BMO Tulsa - Brookside Branch","3549 S Peoria Ave","Tulsa","OK","74105","Branch","36.11178","-95.97563"
"BMO Tulsa - Se","6100 E 51st St","Tulsa","OK","74135","Branch","36.08983","-95.9067"
"BMO Tanasbourne Branch","2495 Ne Town Center Dr","Beaverton","OR","97006","Branch","45.53768","-122.86696"
"BMO Beaverton","3180 Sw Cedar Hills Blvd","Beaverton","OR","97005","Branch","45.49684","-122.80823"
"BMO Nimbus Center Branch","9950 Sw Nimbus Ave","Beaverton","OR","97008","Branch","45.44803","-122.78939"
"BMO Forest Grove Branch","1926 Pacific Ave","Forest Grove","OR","97116","Branch","45.51943","-123.11273"
"BMO Gresham Branch","825 Ne Hogan Dr","Gresham","OR","97030","Branch","45.50371","-122.41439"
"BMO Lake Grove","16555 Boones Ferry Rd","Lake Oswego","OR","97035","Branch","45.40696","-122.72657"
"BMO Lincoln City Branch","4659 Sw Highway 101","Lincoln City","OR","97367","Branch","44.93061","-124.01953"
"BMO Milwaukie Branch","11050 Se Mcloughlin Blvd","Milwaukie","OR","97222","Branch","45.44258","-122.64179"
"BMO Newport Branch","248 Sw Coast Hwy","Newport","OR","97365","Branch","44.63419","-124.05545"
"BMO Ontario Branch","505 Sunset Dr","Ontario","OR","97914","Branch","44.02373","-116.98852"
"BMO Oregon City Branch","1301 Molalla Ave","Oregon City","OR","97045","Branch","45.33668","-122.59032"
"BMO Pendleton Branch","416 Sw 20th St","Pendleton","OR","97801","Branch","45.66444","-118.8041"
"BMO Raleigh Hills Branch","6521 Sw Beaverton Hillsdale Hwy","Portland","OR","97225","Branch","45.48773","-122.74434"
"BMO Portland Main Branch","810 Sw Broadway","Portland","OR","97205","Branch","45.51838","-122.67976"
"BMO 82nd And Division Branch","8135 Se Division St","Portland","OR","97206","Branch","45.5052","-122.57899"
"BMO Lloyd Center Branch","905 Ne Halsey St","Portland","OR","97232","Branch","45.53384","-122.65634"
"BMO Lovejoy & 23rd Branch","950 Nw 23rd Ave","Portland","OR","97210","Branch","45.52951","-122.69831"
"BMO St. Helens Branch","465 S Columbia River Hwy","St. Helens","OR","97051","Branch","45.85424","-122.82639"
"BMO The Dalles Branch","120 E 4th St","The Dalles","OR","97058","Branch","45.60052","-121.18476"
"BMO Toledo Branch","112 S Main St","Toledo","OR","97391","Branch","44.62011","-123.9371"
"BMO Tualatin Branch","7925 Sw Nyberg St","Tualatin","OR","97062","Branch","45.38309","-122.75806"
"BMO Corsica Branch","135 E Main St","Corsica","SD","57328","Branch","43.4227","-98.40522"
"BMO Gettysburg Branch","104 N Exene St","Gettysburg","SD","57442","Branch","45.01206","-99.95602"
"BMO Huron Branch","76 3rd St Sw","Huron","SD","57350","Branch","44.36295","-98.21548"
"BMO Lemmon Branch","214 Main Ave","Lemmon","SD","57638","Branch","45.9424","-102.15904"
"BMO Platte Branch","403 Main Street","Platte","SD","57369","Branch","43.38715","-98.8447"
"BMO Redfield Branch","26 E 7th Ave","Redfield","SD","57469","Branch","44.87544","-98.5172"
"BMO Vermillion Branch","15 E Main St","Vermillion","SD","57069","Branch","42.77907","-96.93124"
"BMO Crescent Court Branch","200 Crescent Ct","Dallas","TX","75201","Limited-service facility","32.79365","-96.8039"
"BMO Layton Branch","683 W Antelope Dr","Layton","UT","84041","Branch","41.08883","-111.97923"
"BMO South Valley Branch","12572 S Creek Meadow Rd","Riverton","UT","84065","Branch","40.52275","-111.98088"
"BMO Salt Lake City Branch","142 E 200 S","Salt Lake City","UT","84111","Branch","40.76465","-111.88675"
"BMO Cottonwood Heights Branch","2011 E Blackstone Rd","Salt Lake City","UT","84121","Branch","40.62869","-111.8336"
"BMO Sandy Branch","140 West 9000 South","Sandy City","UT","84070","Branch","40.58808","-111.89546"
"BMO Ellensburg Branch","312 N Ruby St","Ellensburg","WA","98926","Branch","46.99533","-120.54405"
"BMO Kennewick Main Branch","7525 W Canal Dr","Kennewick","WA","99336","Branch","46.22583","-119.22281"
"BMO Riverview Branch","3525 W Court St","Pasco","WA","99301","Branch","46.24193","-119.13778"
"BMO Richland Branch","1045 George Washington Way","Richland","WA","99352","Branch","46.28159","-119.27434"
"BMO Seattle Branch","1191 2nd Ave","Seattle","WA","98101","Branch","47.60611","-122.33673"
"BMO Tacoma Branch","1250 Pacific Ave","Tacoma","WA","98402","Branch","47.25166","-122.43853"
"BMO Camas Branch","301 Ne 192nd Ave","Vancouver","WA","98684","Branch","45.62376","-122.47538"
"BMO Yakima Branch","522 E Yakima Ave","Yakima","WA","98901","Branch","46.60351","-120.49858"
"BMO Adams Branch","121 N Main St","Adams","WI","53910","Branch","43.95827","-89.81803"
"BMO Antigo Drive-IN","516 Clermont St","Antigo","WI","54409","Limited-service facility","45.13968","-89.15503"
"BMO Antigo Branch","734 5th Ave","Antigo","WI","54409","Branch","45.1408","-89.15402"
"BMO Appleton","221 W College Ave","Appleton","WI","54911","Branch","44.26148","-88.40829"
"BMO Appleton West College","2915 W College Ave","Appleton","WI","54914","Branch","44.26122","-88.45134"
"BMO Darboy Branch","3901 E Calumet St","Appleton","WI","54915","Branch","44.24325","-88.34751"
"BMO Appleton East Wisconsin Avenue","402 E Wisconsin Ave","Appleton","WI","54911","Branch","44.27325","-88.40067"
"BMO Ashland","100 Main St E","Ashland","WI","54806","Branch","46.59148","-90.8831"
"BMO Baraboo Branch","1159 8th St","Baraboo","WI","53913","Branch","43.47502","-89.72215"
"BMO Beaver Dam Branch","120 Park Ave","Beaver Dam","WI","53916","Branch","43.45657","-88.8356"
"BMO Beloit Branch","500 E Grand Ave","Beloit","WI","53511","Branch","42.49916","-89.03333"
"BMO Brookfield Branch","16570 W Bluemound Rd","Brookfield","WI","53005","Branch","43.03753","-88.11878"
"BMO Ruby Isle Branch","2225 N Calhoun Rd","Brookfield","WI","53005","Branch","43.05959","-88.12696"
"BMO Brookfield - North 124th Street Branch","3155 N 124th St","Brookfield","WI","53005","Branch","43.07541","-88.06734"
"BMO Gateway Office","3470 Gateway Rd","Brookfield","WI","53045","Branch","43.08213","-88.18042"
"BMO Milwaukee Avenue, Burlington Branch","1000 Milwaukee Ave","Burlington","WI","53105","Branch","42.691","-88.26667"
"BMO Caledonia Branch","2440 E. Four Mile Road","Caledonia","WI","53108","Branch","42.81454","-87.9422"
"BMO Cedarburg Branch","W62n209 Washington Ave","Cedarburg","WI","53012","Branch","43.28274","-87.98801"
"BMO Chilton","35 E Main St","Chilton","WI","53014","Branch","44.029","-88.16135"
"BMO Chippewa Falls Branch","411 N Bridge St","Chippewa Falls","WI","54729","Branch","44.93837","-91.3942"
"BMO Cudahy Office","4677 S Packard Ave","Cudahy","WI","53110","Branch","42.95937","-87.86075"
"BMO Ledgeview - De Pere","1964 Dickinson Rd","De Pere","WI","54115","Branch","44.43763","-88.03243"
"BMO Delafield Branch","2700 Golf Rd","Delafield","WI","53018","Branch","43.05387","-88.3734"
"BMO Delavan Branch","104 N 5th St","Delavan","WI","53115","Branch","42.63342","-88.64272"
"BMO Dodgeville Branch","302 N Iowa St","Dodgeville","WI","53533","Branch","42.96191","-90.13062"
"BMO Eagle River","300 E Wall St","Eagle River","WI","54521","Branch","45.9151","-89.24907"
"BMO Eau Claire Water Street","228 Water St","Eau Claire","WI","54703","Branch","44.8024","-91.50394"
"BMO Highway 93 Branch","4106 Highway 93","Eau Claire","WI","54702","Branch","44.77593","-91.46013"
"BMO Elm Grove Branch","900 Elm Grove Rd","Elm Grove","WI","53122","Branch","43.04075","-88.07922"
"BMO Evansville Branch","25 N Madison St","Evansville","WI","53536","Branch","42.78119","-89.29948"
"BMO Fond Du Lac Branch","33 W Pioneer Rd","Fond Du Lac","WI","54935","Branch","43.75396","-88.45088"
"BMO Fox Point Branch","8740 N Port Washington Rd","Fox Point","WI","53217","Branch","43.17565","-87.91203"
"BMO Franklin State Bank - Branch","7000 S 76th St","Franklin","WI","53132","Branch","42.91704","-88.00844"
"BMO Germantown Branch","W156n11150 Pilgrim Rd","Germantown","WI","53022","Branch","43.22012","-88.10205"
"BMO Glendale P&R Branch","231 W Silver Spring Dr","Glendale","WI","53217","Limited-service facility","43.11834","-87.91254"
"BMO Grafton Branch","1200 Washington St","Grafton","WI","53024","Branch","43.32016","-87.95133"
"BMO Green Bay Military","201 S Military Ave","Green Bay","WI","54303","Branch","44.52806","-88.05983"
"BMO Bellevue Branch","2042 Lime Kiln Rd","Green Bay","WI","54311","Branch","44.46427","-87.98372"
"BMO Green Bay East","2223 Main St","Green Bay","WI","54302","Branch","44.4851","-87.96976"
"BMO Packerland Branch","2614 W Mason St","Green Bay","WI","54303","Branch","44.52482","-88.10026"
"BMO Ashwaubenon Branch","2700 S Oneida St","Green Bay","WI","54304","Branch","44.47723","-88.07442"
"BMO Green Bay","310 W Walnut St","Green Bay","WI","54303","Branch","44.51667","-88.02125"
"BMO Howard Branch","945 Cardinal Ln","Green Bay","WI","54313","Branch","44.5672","-88.0851"
"BMO Southridge Branch","5454 S 76th St","Greendale","WI","53129","Branch","42.94614","-88.008"
"BMO Hartland","112 E Capitol Dr","Hartland","WI","53029","Branch","43.10486","-88.34703"
"BMO Hubertus Branch","1301 Highway 175","Hubertus","WI","53033","Branch","43.23665","-88.18718"
"BMO Jackson Branch","N168w22770 Praire View Ln","Jackson","WI","53037","Branch","43.32539","-88.19003"
"BMO Janesville","100 N Main St","Janesville","WI","53545","Branch","42.68418","-89.02326"
"BMO Creston Park Branch","1404 Creston Park Dr","Janesville","WI","53545","Branch","42.70136","-89.00498"
"BMO Milton Avenue Branch","4323 Milton Ave","Janesville","WI","53546","Branch","42.73383","-88.9875"
"BMO 52nd Street Branch","4235 52nd St","Kenosha","WI","53144","Branch","42.58814","-87.86021"
"BMO Pershing Office","7535 Pershing Blvd","Kenosha","WI","53142","Branch","42.56525","-87.85733"
"BMO La Crosse - Rose Branch","1300 Rose St","La Crosse","WI","54603","Branch","43.84161","-91.24776"
"BMO Lake Geneva Office","410 Broad St","Lake Geneva","WI","53147","Branch","42.59463","-88.43567"
"BMO Capital Square Branch","1 W Main St","Madison","WI","53703","Branch","43.07345","-89.38307"
"BMO Sherman Branch","1202 N Sherman Ave","Madison","WI","53704","Branch","43.11299","-89.36417"
"BMO Hilldale Branch","216 Price Pl","Madison","WI","53705","Branch","43.06936","-89.4529"
"BMO Fitchburg Branch","2900 Fish Hatchery Rd","Madison","WI","53713","Branch","43.02915","-89.41143"
"BMO East Towne Branch","4726 E Towne Blvd","Madison","WI","53704","Branch","43.13098","-89.30275"
"BMO Jamestown Branch","5250 Verona Rd","Madison","WI","53711","Branch","43.02378","-89.46994"
"BMO High Point Branch","7801 Mineral Point Rd","Madison","WI","53717","Branch","43.06009","-89.51819"
"BMO Manitowoc Office","1013 S 8th St","Manitowoc","WI","54220","Branch","44.08824","-87.65744"
"BMO Marshfield","101 W 4th St","Marshfield","WI","54449","Branch","44.66468","-90.17572"
"BMO Mayville Branch","209 Horicon St","Mayville","WI","53050","Branch","43.4937","-88.54661"
"BMO Menomonee Falls Office Branch","N82w15415 Appleton Avenue","Menomonee Falls","WI","53051","Branch","43.1674","-88.10157"
"BMO Menomonie Branch","500 Main St E","Menomonie","WI","54751","Branch","44.8762","-91.92437"
"BMO Mequon Branch","1425 W Mequon Rd","Mequon","WI","53092","Branch","43.22075","-87.92656"
"BMO Merrill","900 E Main St","Merrill","WI","54452","Branch","45.18023","-89.6869"
"BMO Middleton Branch","7447 University Ave","Middleton","WI","53562","Branch","43.09654","-89.51113"
"BMO St John's Tower Branch","1840 N Prospect Ave","Milwaukee","WI","53202","Other limited-service","43.05362","-87.88909"
"BMO Wisconsin Avenue Branch","2120 W Wisconsin Ave","Milwaukee","WI","53233","Branch","43.03904","-87.94017"
"BMO Lincoln Ave Branch","2266 S 13th St","Milwaukee","WI","53215","Branch","43.00336","-87.92816"
"BMO Bay View Branch","2701 S Kinnickinnic Ave","Milwaukee","WI","53207","Branch","42.99509","-87.89645"
"BMO South-National Avenue","2701 W National Ave","Milwaukee","WI","53215","Branch","43.02192","-87.94821"
"BMO King Drive Branch","2745 N Dr Martin Luther King Dr","Milwaukee","WI","53212","Branch","43.06859","-87.91445"
"BMO 3131 South 13th Street Branch","3131 S 13th St","Milwaukee","WI","53215","Branch","42.98748","-87.92912"
"BMO Fond Du Lac - Milwaukee Office","3637 W Fond Du Lac Ave","Milwaukee","WI","53216","Branch","43.07636","-87.9593"
"BMO Mason Street Drive-Up Branch","422 E Mason St","Milwaukee","WI","53202","Limited-service facility","43.04025","-87.90598"
"BMO Oklahoma Ave Branch","6645 W Oklahoma Ave","Milwaukee","WI","53219","Branch","42.98792","-87.99656"
"BMO Southwest-Layton Avenue","7600 W Layton Ave","Milwaukee","WI","53220","Branch","42.95977","-88.00901"
"BMO Bluemound Office","7635 W Bluemound Rd","Milwaukee","WI","53213","Branch","43.03475","-88.00831"
"BMO North Water Street Branch","790 N Water St","Milwaukee","WI","53202","Branch","43.04082","-87.90873"
"BMO Silver Spring Branch","8300 W Silver Spring Dr","Milwaukee","WI","53218","Branch","43.11989","-88.01547"
"BMO Granville Station","9001 N 76th St","Milwaukee","WI","53223","Branch","43.18197","-88.00498"
"BMO Monona Grove Branch","4613 Monona Dr","Monona","WI","53716","Branch","43.06993","-89.32623"
"BMO Muskego Branch","S69w15563 Janesville Rd","Muskego","WI","53150","Branch","42.91833","-88.10886"
"BMO Neenah Branch","643 S Green Bay Rd","Neenah","WI","54956","Branch","44.17883","-88.48568"
"BMO New Berlin WI Facility","15450 W National Ave","New Berlin","WI","53151","Branch","42.97751","-88.10774"
"BMO Oak Creek Branch","8900 S Howell Ave","Oak Creek","WI","53154","Branch","42.88239","-87.91175"
"BMO Oconomowoc Office","1433 Pabst Farms Cir","Oconomowoc","WI","53066","Branch","43.07526","-88.46669"
"BMO Onalaska Branch","1145 Main St","Onalaska","WI","54650","Branch","43.88456","-91.22044"
"BMO Oregon Branch","127 Jefferson St","Oregon","WI","53575","Branch","42.92699","-89.38537"
"BMO Suburban West","2100 Omro Rd","Oshkosh","WI","54904","Branch","44.03338","-88.58601"
"BMO Oshkosh","50 Pearl Ave","Oshkosh","WI","54901","Branch","44.01664","-88.53867"
"BMO Peshtigo Branch","120 N Emery Ave","Peshtigo","WI","54157","Branch","45.05529","-87.75067"
"BMO Prairie Ridge","9066 76th St","Pleasant Prairie","WI","53158","Branch","42.56554","-87.91714"
"BMO Crossroads Commons Branch","1200 Commerce Pl","Plover","WI","54467","Branch","44.49686","-89.51417"
"BMO Plover Branch","2851 Post Rd","Plover","WI","54467","Branch","44.45492","-89.5447"
"BMO Plymouth Office","2002 Eastern Ave","Plymouth","WI","53073","Branch","43.74762","-87.95666"
"BMO Portage North Branch","2851 New Pinery Rd","Portage","WI","53901","Branch","43.5677","-89.46821"
"BMO Prescott Branch","1049 Campbell St N","Prescott","WI","54021","Branch","44.76054","-92.79253"
"BMO Racine Main","1 Main St","Racine","WI","53403","Branch","42.73272","-87.78369"
"BMO Durand Avenue Branch","4100 Durand Ave","Racine","WI","53405","Branch","42.69722","-87.82886"
"BMO Mount Pleasant Branch","5101 Spring St","Racine","WI","53406","Branch","42.73639","-87.84047"
"BMO Reedsburg - Viking Dr. Branch","500 Viking Dr","Reedsburg","WI","53959","Branch","43.5379","-89.98393"
"BMO Rhinelander Drive-IN Branch","210 West Davenport Street","Rhinelander","WI","54501","Limited-service facility","45.63788","-89.41479"
"BMO Rhinelander","7 N Brown St","Rhinelander","WI","54501","Branch","45.638","-89.41322"
"BMO Ripon","333 Blackburn St","Ripon","WI","54971","Branch","43.8433","-88.83674"
"BMO Cedar Creek","10208 Park Plz","Rothschild","WI","54474","Branch","44.86451","-89.63924"
"BMO Paddock Lake Branch","24616 75th St","Salem","WI","53168","Branch","42.56862","-88.10676"
"BMO Sauk Prairie Branch","615 Water St","Sauk City","WI","53583","Branch","43.27385","-89.72111"
"BMO Saukville Branch","859 E Green Bay Ave","Saukville","WI","53080","Branch","43.38446","-87.92117"
"BMO Seymour Branch","205 S Main St","Seymour","WI","54165","Branch","44.51137","-88.3306"
"BMO Shawano","101 N Main St","Shawano","WI","54166","Branch","44.78227","-88.60981"
"BMO Sheboygan Taylor Drive","1441 N Taylor Dr","Sheboygan","WI","53081","Branch","43.76067","-87.74888"
"BMO Sheboygan Falls","414 Buffalo St","Sheboygan Falls","WI","53085","Branch","43.72876","-87.8124"
"BMO South Milwaukee Branch","1001 Marquette Ave","South Milwaukee","WI","53172","Branch","42.90727","-87.86112"
"BMO Spooner Main Branch","118 Elm St","Spooner","WI","54801","Branch","45.82779","-91.8871"
"BMO Spring Green Branch","209 E Jefferson St","Spring Green","WI","53588","Branch","43.1771","-90.06644"
"BMO Stevens Point","1245 Main St","Stevens Point","WI","54481","Branch","44.52313","-89.58154"
"BMO Sun Prairie Branch","1140 W Main St","Sun Prairie","WI","53590","Branch","43.1807","-89.23235"
"BMO Superior","1425 Tower Ave","Superior","WI","54880","Branch","46.72091","-92.10434"
"BMO Sussex Branch","N64w25050 Prospect Cir","Sussex","WI","53089","Branch","43.13499","-88.24466"
"BMO Thiensville Branch","201 N Main St","Thiensville","WI","53092","Branch","43.23404","-87.98426"
"BMO Twin Lakes Branch","508 N Lake Ave","Twin Lakes","WI","53181","Branch","42.53673","-88.24612"
"BMO Verona Branch","610 W Verona Ave","Verona","WI","53593","Branch","42.98875","-89.54717"
"BMO Waterford Branch","300 N Milwaukee St","Waterford","WI","53185","Branch","42.76788","-88.20762"
"BMO Watertown Branch","205 N 2nd St","Watertown","WI","53094","Branch","43.1952","-88.72254"
"BMO Waukesha Branch","1580 E Moreland Blvd","Waukesha","WI","53186","Branch","43.02596","-88.20418"
"BMO Pewaukee Branch","N14w23999 Stone Ridge Dr","Waukesha","WI","53188","Branch","43.05062","-88.22506"
"BMO Waunakee Branch","220 N Century Ave","Waunakee","WI","53597","Branch","43.19316","-89.46129"
"BMO Rib Mountain Branch","225065 Rib Mountain Dr","Wausau","WI","54401","Branch","44.90942","-89.65159"
"BMO Dudley Tower Branch","500 N 1st St","Wausau","WI","54403","Branch","44.96138","-89.63066"
"BMO Wausau","500 N 3rd St","Wausau","WI","54403","Branch","44.96114","-89.62835"
"BMO Wautoma Branch","310 W Main St","Wautoma","WI","54982","Branch","44.07542","-89.29093"
"BMO Mayfair Branch","10529 W North Ave","Wauwatosa","WI","53226","Limited-service facility","43.0599","-88.04464"
"BMO Wauwatosa Branch","7501 W North Ave","Wauwatosa","WI","53213","Branch","43.06042","-88.00685"
"BMO Hwy 100 Branch","2555 S 108th St","West Allis","WI","53227","Branch","42.99797","-88.04747"
"BMO West Allis Office","7000 W Greenfield Ave","West Allis","WI","53214","Branch","43.01691","-88.0004"
"BMO West Bend Main Branch","321 N Main St","West Bend","WI","53095","Branch","43.42632","-88.18372"
"BMO West Bend South Branch","868 S Main St","West Bend","WI","53095","Branch","43.40975","-88.18184"
"BMO Whitefish Bay Branch","177 E Silver Spring Dr","Whitefish Bay","WI","53217","Branch","43.11829","-87.90831"
"BMO Wisconsin Dells Branch","501 Broadway","Wisconsin Dells","WI","53965","Branch","43.62787","-89.77031"
"BMO Wisc Rapids Branch","1100 8th St S","Wisconsin Rapids","WI","54494","Branch","44.38138","-89.81779"
"BMO Woodruff Branch","300 Margaret Street","Woodruff","WI","54568","Branch","45.89343","-89.69828"
"BMO Big Piney Branch","440 Budd Ave","Big Piney","WY","83113","Branch","42.53808","-110.11442"
"BMO Casper Downtown Branch","300 S Wolcott St","Casper","WY","82601","Branch","42.8474","-106.3241"
"BMO Cheyenne North Branch","1515 Dell Range Blvd","Cheyenne","WY","82009","Branch","41.15989","-104.8044"
"BMO Cheyenne East Branch","2200 E Lincolnway","Cheyenne","WY","82001","Branch","41.1388","-104.79087"
"BMO Cody Branch","1130 Sheridan Ave","Cody","WY","82414","Branch","44.52574","-109.06529"
"BMO Douglas Branch","240 S 4th St","Douglas","WY","82633","Branch","42.75714","-105.38321"
"BMO Evanston Branch","848 Main St","Evanston","WY","82930","Branch","41.26672","-110.96437"
"BMO Green River Branch","10 Shoshone Ave","Green River","WY","82935","Branch","41.50922","-109.47411"
"BMO Jackson Branch","160 W Pearl Ave","Jackson","WY","83001","Branch","43.47824","-110.76473"
"BMO Kemmerer Branch","801 Pine Ave","Kemmerer","WY","83101","Branch","41.79403","-110.53822"
"BMO Lander Branch","303 Main St","Lander","WY","82520","Branch","42.83286","-108.73155"
"BMO Laramie Branch","222 E Garfield St","Laramie","WY","82070","Branch","41.30991","-105.59404"
"BMO Lusk Branch","231 S Main St","Lusk","WY","82225","Branch","42.76296","-104.4518"
"BMO Riverton Branch","123 E Main St","Riverton","WY","82501","Branch","43.02438","-108.38965"
"BMO Saratoga Platte Valley Branch","302 N 1st St","Saratoga","WY","82331","Branch","41.45684","-106.80798"
"BMO Sheridan Branch","2 N Main St","Sheridan","WY","82801","Branch","44.79754","-106.95625"
"BMO Wheatland Branch","611 9th St","Wheatland","WY","82201","Branch","42.05411","-104.95366"
